INSERT INTO `categories` (`id`, `name`) VALUES (1, 'Nature');
INSERT INTO `categories` (`id`, `name`) VALUES (2, 'Animals');
INSERT INTO `categories` (`id`, `name`) VALUES (3, 'Landscapes');
INSERT INTO `categories` (`id`, `name`) VALUES (4, 'People');
INSERT INTO `categories` (`id`, `name`) VALUES (5, 'Black and White');
INSERT INTO `categories` (`id`, `name`) VALUES (6, 'Street Photography');
INSERT INTO `categories` (`id`, `name`) VALUES (7, 'Food');
INSERT INTO `categories` (`id`, `name`) VALUES (8, 'Fashion');
INSERT INTO `categories` (`id`, `name`) VALUES (9, 'Architecture');
INSERT INTO `categories` (`id`, `name`) VALUES (10, 'Wedding');

INSERT INTO `photos` (`id`, `created_at`, `description`, `title`, `url`, `visible`) VALUES (1, '2023-07-06 11:53:31', 'A couple celebrating their wedding in Paris, pure magic!', 'The most special day in Paris', 'https://images.pexels.com/photos/3457655/pexels-photo-3457655.jpeg?auto=compress&cs=tinysrgb&w=1260&h=750&dpr=1', '1');
INSERT INTO `photos` (`id`, `created_at`, `description`, `title`, `url`, `visible`) VALUES (2, '2023-07-06 11:53:31', 'Beach weddings are the best!', 'Beach wedding', 'https://images.pexels.com/photos/3578784/pexels-photo-3578784.jpeg?auto=compress&cs=tinysrgb&w=1260&h=750&dpr=1', '1');
INSERT INTO `photos` (`id`, `created_at`, `description`, `title`, `url`, `visible`) VALUES (3, '2023-07-06 11:53:31', 'Autumn is the best season to admire beauty and vivid colors', 'Autumn by the river', 'https://images.pexels.com/photos/3225517/pexels-photo-3225517.jpeg?auto=compress&cs=tinysrgb&w=1260&h=750&dpr=1', '1');
INSERT INTO `photos` (`id`, `created_at`, `description`, `title`, `url`, `visible`) VALUES (4, '2023-07-06 11:53:31', 'Exploring a vivid green forest', 'Wild forest', 'https://images.pexels.com/photos/15286/pexels-photo.jpg?auto=compress&cs=tinysrgb&w=1260&h=750&dpr=1', '1');
INSERT INTO `photos` (`id`, `created_at`, `description`, `title`, `url`, `visible`) VALUES (5, '2023-07-06 11:53:31', 'Extreme photography always pays back', 'Pink Peak', 'https://images.pexels.com/photos/1643113/pexels-photo-1643113.jpeg?auto=compress&cs=tinysrgb&w=1260&h=750&dpr=1', '1');
INSERT INTO `photos` (`id`, `created_at`, `description`, `title`, `url`, `visible`) VALUES (6, '2023-07-06 11:53:31', 'Captured the magic of a night in Norway', 'Magic Aurora', 'https://images.pexels.com/photos/3408744/pexels-photo-3408744.jpeg?auto=compress&cs=tinysrgb&w=1260&h=750&dpr=1', '1');
INSERT INTO `photos` (`id`, `created_at`, `description`, `title`, `url`, `visible`) VALUES (7, '2023-07-06 11:53:31', 'Enchanting animals in the water', 'Jellyfish', 'https://images.pexels.com/photos/1894350/pexels-photo-1894350.jpeg?auto=compress&cs=tinysrgb&w=1260&h=750&dpr=1', '1');
INSERT INTO `photos` (`id`, `created_at`, `description`, `title`, `url`, `visible`) VALUES (8, '2023-07-06 11:53:31', 'Family of monkeys showing love', 'Lovely trio', 'https://images.pexels.com/photos/3493730/pexels-photo-3493730.jpeg?auto=compress&cs=tinysrgb&w=1260&h=750&dpr=1', '1');
INSERT INTO `photos` (`id`, `created_at`, `description`, `title`, `url`, `visible`) VALUES (9, '2023-07-06 11:53:31', 'Animals can show the most vivid colors nature can offer', 'The most colorful parrot', 'https://images.pexels.com/photos/1059823/pexels-photo-1059823.jpeg?auto=compress&cs=tinysrgb&w=1260&h=750&dpr=1', '1');
INSERT INTO `photos` (`id`, `created_at`, `description`, `title`, `url`, `visible`) VALUES (10, '2023-07-06 11:53:31', 'Caught a bird making friends', 'Friendship', 'https://images.pexels.com/photos/1887407/pexels-photo-1887407.jpeg?auto=compress&cs=tinysrgb&w=1260&h=750&dpr=1', '1');
INSERT INTO `photos` (`id`, `created_at`, `description`, `title`, `url`, `visible`) VALUES (11, '2023-07-06 11:53:31', 'A magic cotton candy sky surrounding the lake', 'Cotton Candy sky', 'https://images.pexels.com/photos/1486974/pexels-photo-1486974.jpeg?auto=compress&cs=tinysrgb&w=1260&h=750&dpr=1', '1');
INSERT INTO `photos` (`id`, `created_at`, `description`, `title`, `url`, `visible`) VALUES (12, '2023-07-06 11:53:31', 'Thinking out loud', 'Immersive thoughts', 'https://images.pexels.com/photos/1486213/pexels-photo-1486213.jpeg?auto=compress&cs=tinysrgb&w=1260&h=750&dpr=1', '1');
INSERT INTO `photos` (`id`, `created_at`, `description`, `title`, `url`, `visible`) VALUES (13, '2023-07-06 11:53:31', 'A dog and its owner', 'What a couple!', 'https://images.pexels.com/photos/7533347/pexels-photo-7533347.jpeg?auto=compress&cs=tinysrgb&w=1260&h=750&dpr=1', '1');
INSERT INTO `photos` (`id`, `created_at`, `description`, `title`, `url`, `visible`) VALUES (14, '2023-07-06 11:53:31', 'Caught a selfie', 'Cheeeese', 'https://images.pexels.com/photos/15212752/pexels-photo-15212752/free-photo-of-ragazza-bangkok.jpeg?auto=compress&cs=tinysrgb&w=1260&h=750&dpr=1', '1');
INSERT INTO `photos` (`id`, `created_at`, `description`, `title`, `url`, `visible`) VALUES (15, '2023-07-06 11:53:31', 'A mom and her baby', 'Love', 'https://images.pexels.com/photos/7282807/pexels-photo-7282807.jpeg?auto=compress&cs=tinysrgb&w=1260&h=750&dpr=1', '1');
INSERT INTO `photos` (`id`, `created_at`, `description`, `title`, `url`, `visible`) VALUES (16, '2023-07-06 11:53:31', 'Jumping in the desert', 'Jumping is fun', 'https://images.pexels.com/photos/6039268/pexels-photo-6039268.jpeg?auto=compress&cs=tinysrgb&w=1260&h=750&dpr=1', '1');
INSERT INTO `photos` (`id`, `created_at`, `description`, `title`, `url`, `visible`) VALUES (17, '2023-07-06 11:53:31', 'Walking on stripes', 'Stripes, stripes everywhere', 'https://images.pexels.com/photos/5641953/pexels-photo-5641953.jpeg?auto=compress&cs=tinysrgb&w=1260&h=750&dpr=1', '1');
INSERT INTO `photos` (`id`, `created_at`, `description`, `title`, `url`, `visible`) VALUES (18, '2023-07-06 11:53:31', 'Neon night in the streets', 'Neon', 'https://images.pexels.com/photos/1528348/pexels-photo-1528348.jpeg?auto=compress&cs=tinysrgb&w=1260&h=750&dpr=1', '1');
INSERT INTO `photos` (`id`, `created_at`, `description`, `title`, `url`, `visible`) VALUES (19, '2023-07-06 11:53:31', 'A huge murales in Dublin', 'Murales', 'https://images.pexels.com/photos/1208783/pexels-photo-1208783.jpeg?auto=compress&cs=tinysrgb&w=1260&h=750&dpr=1', '1');
INSERT INTO `photos` (`id`, `created_at`, `description`, `title`, `url`, `visible`) VALUES (20, '2023-07-06 11:53:31', 'Streets coming to life', 'Neon Tokyo', 'https://images.pexels.com/photos/1670584/pexels-photo-1670584.jpeg?auto=compress&cs=tinysrgb&w=1260&h=750&dpr=1', '1');
INSERT INTO `photos` (`id`, `created_at`, `description`, `title`, `url`, `visible`) VALUES (21, '2023-07-06 11:53:31', 'The best breakfast I ever had', 'Yummy breakfast', 'https://images.pexels.com/photos/376464/pexels-photo-376464.jpeg?auto=compress&cs=tinysrgb&w=1260&h=750&dpr=1', '1');
INSERT INTO `photos` (`id`, `created_at`, `description`, `title`, `url`, `visible`) VALUES (22, '2023-07-06 11:53:31', 'Too cute, had to take a pic', 'Can I eat that?', 'https://images.pexels.com/photos/920220/pexels-photo-920220.jpeg?auto=compress&cs=tinysrgb&w=1260&h=750&dpr=1', '1');
INSERT INTO `photos` (`id`, `created_at`, `description`, `title`, `url`, `visible`) VALUES (23, '2023-07-06 11:53:31', 'Pizza, what else?', 'A classic', 'https://images.pexels.com/photos/16890470/pexels-photo-16890470/free-photo-of-pizza-margherita-con-lievito-madre-con-basilico-fresco-tritato.jpeg?auto=compress&cs=tinysrgb&w=1260&h=750&dpr=1', '1');
INSERT INTO `photos` (`id`, `created_at`, `description`, `title`, `url`, `visible`) VALUES (24, '2023-07-06 11:53:31', 'Loved the shapes', 'Shapes', 'https://images.pexels.com/photos/3790058/pexels-photo-3790058.jpeg?auto=compress&cs=tinysrgb&w=1260&h=750&dpr=1', '1');
INSERT INTO `photos` (`id`, `created_at`, `description`, `title`, `url`, `visible`) VALUES (25, '2023-07-06 11:53:31', 'Taller than you think', '90°', 'https://images.pexels.com/photos/6766628/pexels-photo-6766628.jpeg?auto=compress&cs=tinysrgb&w=1260&h=750&dpr=1', '1');
INSERT INTO `photos` (`id`, `created_at`, `description`, `title`, `url`, `visible`) VALUES (26, '2023-07-06 11:53:31', 'White, white, white', 'Horror white', 'https://images.pexels.com/photos/911758/pexels-photo-911758.jpeg?auto=compress&cs=tinysrgb&w=1260&h=750&dpr=1', '1');
INSERT INTO `photos` (`id`, `created_at`, `description`, `title`, `url`, `visible`) VALUES (27, '2023-07-06 11:53:31', 'She knows she is cooler than you', 'Street glam', 'https://images.pexels.com/photos/4132651/pexels-photo-4132651.jpeg?auto=compress&cs=tinysrgb&w=1260&h=750&dpr=1', '1');
INSERT INTO `photos` (`id`, `created_at`, `description`, `title`, `url`, `visible`) VALUES (28, '2023-07-06 11:53:31', 'Summer trends', 'Yellow joy', 'https://images.pexels.com/photos/4244305/pexels-photo-4244305.jpeg?auto=compress&cs=tinysrgb&w=1260&h=750&dpr=1', '1');
INSERT INTO `photos` (`id`, `created_at`, `description`, `title`, `url`, `visible`) VALUES (29, '2023-07-06 11:53:31', 'Rocking in a suit', 'Elegance rocks!', 'https://images.pexels.com/photos/9154696/pexels-photo-9154696.jpeg?auto=compress&cs=tinysrgb&w=1260&h=750&dpr=1', '1');

INSERT INTO `photo_category` (`photo_id`, `category_id`) VALUES ('1', '10');
INSERT INTO `photo_category` (`photo_id`, `category_id`) VALUES ('1', '5');
INSERT INTO `photo_category` (`photo_id`, `category_id`) VALUES ('2', '10');
INSERT INTO `photo_category` (`photo_id`, `category_id`) VALUES ('3', '1');
INSERT INTO `photo_category` (`photo_id`, `category_id`) VALUES ('3', '3');
INSERT INTO `photo_category` (`photo_id`, `category_id`) VALUES ('4', '1');
INSERT INTO `photo_category` (`photo_id`, `category_id`) VALUES ('5', '1');
INSERT INTO `photo_category` (`photo_id`, `category_id`) VALUES ('5', '3');
INSERT INTO `photo_category` (`photo_id`, `category_id`) VALUES ('6', '1');
INSERT INTO `photo_category` (`photo_id`, `category_id`) VALUES ('6', '3');
INSERT INTO `photo_category` (`photo_id`, `category_id`) VALUES ('7', '1');
INSERT INTO `photo_category` (`photo_id`, `category_id`) VALUES ('7', '2');
INSERT INTO `photo_category` (`photo_id`, `category_id`) VALUES ('8', '1');
INSERT INTO `photo_category` (`photo_id`, `category_id`) VALUES ('8', '2');
INSERT INTO `photo_category` (`photo_id`, `category_id`) VALUES ('9', '1');
INSERT INTO `photo_category` (`photo_id`, `category_id`) VALUES ('9', '2');
INSERT INTO `photo_category` (`photo_id`, `category_id`) VALUES ('10', '1');
INSERT INTO `photo_category` (`photo_id`, `category_id`) VALUES ('10', '2');
INSERT INTO `photo_category` (`photo_id`, `category_id`) VALUES ('11', '3');
INSERT INTO `photo_category` (`photo_id`, `category_id`) VALUES ('12', '4');
INSERT INTO `photo_category` (`photo_id`, `category_id`) VALUES ('13', '4');
INSERT INTO `photo_category` (`photo_id`, `category_id`) VALUES ('13', '2');
INSERT INTO `photo_category` (`photo_id`, `category_id`) VALUES ('14', '4');
INSERT INTO `photo_category` (`photo_id`, `category_id`) VALUES ('15', '4');
INSERT INTO `photo_category` (`photo_id`, `category_id`) VALUES ('15', '5');
INSERT INTO `photo_category` (`photo_id`, `category_id`) VALUES ('16', '3');
INSERT INTO `photo_category` (`photo_id`, `category_id`) VALUES ('16', '5');
INSERT INTO `photo_category` (`photo_id`, `category_id`) VALUES ('17', '5');
INSERT INTO `photo_category` (`photo_id`, `category_id`) VALUES ('17', '6');
INSERT INTO `photo_category` (`photo_id`, `category_id`) VALUES ('18', '6');
INSERT INTO `photo_category` (`photo_id`, `category_id`) VALUES ('19', '6');
INSERT INTO `photo_category` (`photo_id`, `category_id`) VALUES ('20', '4');
INSERT INTO `photo_category` (`photo_id`, `category_id`) VALUES ('20', '6');
INSERT INTO `photo_category` (`photo_id`, `category_id`) VALUES ('21', '7');
INSERT INTO `photo_category` (`photo_id`, `category_id`) VALUES ('22', '7');
INSERT INTO `photo_category` (`photo_id`, `category_id`) VALUES ('23', '7');
INSERT INTO `photo_category` (`photo_id`, `category_id`) VALUES ('24', '9');
INSERT INTO `photo_category` (`photo_id`, `category_id`) VALUES ('25', '5');
INSERT INTO `photo_category` (`photo_id`, `category_id`) VALUES ('25', '9');
INSERT INTO `photo_category` (`photo_id`, `category_id`) VALUES ('26', '9');
INSERT INTO `photo_category` (`photo_id`, `category_id`) VALUES ('27', '4');
INSERT INTO `photo_category` (`photo_id`, `category_id`) VALUES ('27', '8');
INSERT INTO `photo_category` (`photo_id`, `category_id`) VALUES ('28', '4');
INSERT INTO `photo_category` (`photo_id`, `category_id`) VALUES ('28', '8');
INSERT INTO `photo_category` (`photo_id`, `category_id`) VALUES ('29', '4');
INSERT INTO `photo_category` (`photo_id`, `category_id`) VALUES ('29', '8');