INSERT INTO `categories` (`id`, `name`) VALUES (1, 'Nature');
INSERT INTO `categories` (`id`, `name`) VALUES (2, 'Animals');
INSERT INTO `categories` (`id`, `name`) VALUES (3, 'Landscapes');
INSERT INTO `categories` (`id`, `name`) VALUES (4, 'People');
INSERT INTO `categories` (`id`, `name`) VALUES (5, 'Black and White');
INSERT INTO `categories` (`id`, `name`) VALUES (6, 'Street Photography');
INSERT INTO `categories` (`id`, `name`) VALUES (7, 'Food');
INSERT INTO `categories` (`id`, `name`) VALUES (8, 'Fashion');
INSERT INTO `categories` (`id`, `name`) VALUES (9, 'Architecture');
INSERT INTO `categories` (`id`, `name`) VALUES (10, 'Wedding');

INSERT INTO `photos` (`id`, `created_at`, `description`, `image`, `title`, `visible`) VALUES (1, '2023-07-10 12:21:15', NULL, 0xffd8ffe000104a46494600010101004800480000ffe2021c4943435f50524f46494c450001010000020c6c636d73021000006d6e74725247422058595a2007dc00010019000300290039616373704150504c0000000000000000000000000000000000000000000000000000f6d6000100000000d32d6c636d7300000000000000000000000000000000000000000000000000000000000000000000000000000000000000000000000a64657363000000fc0000005e637072740000015c0000000b777470740000016800000014626b70740000017c000000147258595a00000190000000146758595a000001a4000000146258595a000001b80000001472545243000001cc0000004067545243000001cc0000004062545243000001cc0000004064657363000000000000000363320000000000000000000000000000000000000000000000000000000000000000000000000000000000000000000000000000000000000000000000000000000000000000000000000000000000000000000074657874000000004958000058595a20000000000000f6d6000100000000d32d58595a20000000000000031600000333000002a458595a200000000000006fa2000038f50000039058595a2000000000000062990000b785000018da58595a2000000000000024a000000f840000b6cf63757276000000000000001a000000cb01c903630592086b0bf6103f15511b3421f1299032183b92460551775ded6b707a0589b19a7cac69bf7dd3c3e930ffffffdb0084000506060709070a0b0b0a0d0e0d0e0d1312101012131d15161516151d2b1b201b1b201b2b262e2623262e264436303036444f423f424f5f55555f7872789c9cd2010506060709070a0b0b0a0d0e0d0e0d1312101012131d15161516151d2b1b201b1b201b2b262e2623262e264436303036444f423f424f5f55555f7872789c9cd2ffc200110802ee022203012200021101031101ffc4002f000001050101010100000000000000000001000203040506070809010100000000000000000000000000000000ffda000c03010002100310000000faa51026c8869738627009442e444e0428a0144091014808a0148052014840a10240920820208082808a0220492012041c0409024841102482420b481a8a0028893d10a2049c04e044880a4445af138111484920a4805102484910244042122044211044820a0820811044120848212110408812204921656ad02fa08212022d0820082189102781ae44041012044a114844209484900a4849212402900a444821220488114040a0a04492022d0a484920a0821212044921707ddf949eae90102801c04d406a480521c811220702848a01044920a4844211440921208292124072040910108201120449208484880848492010825a42100a04480389f99bb3f233eceeafc57da445a4412035cd18921e5ae110e104825af0100492090821c045ae12484920228052120445a4492014821203821020292124409210480891200700873481040f8efcebe84f023ddbe8ee53a90a48008034b408a1e5ae110445212440511a520a48452010440a12484900a484920148492124845a44921244092084840a00202900a0821202404923c67e6efa33e713ee6d3e7b7c28208480d72188a1e838441124429212444910104212014849212484820a4849102484901c12084840a014821201440821220408022020802402923c27c0be80f113ebce8b9be9444212484081a8a0a44720429ae114820a124844112444121248442120448810280500a082900a4029212402920b4a124021210484911a881a4a0248f03f0cf72f183eb5ebb89edc09212480920a8d0e2d70482220888414880a0149050410905041408924249082424909022488122021088410405041410920109082410901242481e03e53ea1e7c7d1fdb713db0924109081035041210e2d2390238222488902240811420509242490500108050414104b485041410902249042422d21400524044088424401102441e49cf715e6c7d85dbfcebf450920101a39a9a04c44c921c81096a1e81090844111082900a48092080070002021c021c9a87a63870690a007008720825a448811044921204043809010484923e49f2cf79f2d3e91f4ee0bbb0b500b40120d1c9889dcd704a424889c104b504b50e4085350e010502241082420909242040e088910104091402104a0120808204909242440920249098fa07cede49ea3e547d71dd7887b80c6b9a00901ae035144ce691e821c811381120844112042800a4445a82820a08492010849009611c920a48441024072082810b480a40292124d0a402820e16df0c79e78dfae7861f4f7aaf98fa3930286891a461c08d391316a1ce63872042900a402500a40726908044500a00258870407269084849109084420a082820a4848812082820a0029a8700821017977a7f939c278a7d45f3d9ec5ed1e79db1d19084c78180918821cf611ce638716a1c9a44e0029009690a40704828212200881040281114071007a6a1c8208284820a00728d0f4d4392024005310e4d222d22f14f69f9bce8fe75bbc91f41fb17c2fee47d509a87b5ad1c18d0a8d165c10e208907012224904222210504390414d439340e01092422089242280e0085102490810249090438003c0010005260e0c03cc68e43e41fa97e301c4e59a7352d03eacf5ec6d8034c616a004c4681042821c821c5842401c821028491004820208440410a48252080821209621e98871681c9a07b401c1ac2511a245191ed440d91a04404b1e707f217d3df1d1d737a1f773e65ccf6ff009f8fbd3a1f2ff4d0800735344988bc98e1c821c810a0825a071611c020a082120a0448380e6a0a042800a69084820b4726a0a8c8e2d2114bcfcf4c591ac14004b10f4d010808a700b699f37f91f69c29ed9f4878b7b19c27c79f787c1e7adfd47f127da4580c0393005045f410e2d03d308e410e09a2208922021048438b1c14d222104043820382010d43cb1a4823048a204bc4763f029ca7016a81d5fd67f10f6c7e9b8082988798812989130890ee13b6f043c7793d394faabd17c7ac1eb1f0ff00bcf8b0dfa4be50ba7dbebc87d70283009a8d54d412d43d350e400e2d222c2393412062244c238348e4c23da80e010e4d23c0400c03da080142400ff9c7e8cf173e36e77d86a9e73d1d2f483ee7634082014d438c687a603e7df9ebd67ccccfdbaf9e7a3d5e12e1d1f273c6649e99a7affd1bf3b7d0a16b00f50a3593318dc1e59e1a7d8537c6bf4f9d62e0fc58fa957c5deee7ada6a09611c021e1a871681e1a872621e83491f03c903401bf3ef8e9f720e57a808611c1a891a338f90b81f63f093acfa37e3af5c3eca9bf3efeb63d31a00e01090210bcacf24e6f3350b14aad53a17667a01c745e818a739574b803b0fadbe11fa00fa0d9f3af8c9f6cafcfd47d5fe62cf2e3a3b9c37606ebf93e74bb9f6b2cb3eade3fd69f58fac7cbdf4f8f31a1e6323cc6871621e18429a47b5847b98487e33faa7e0338ae9392ef4f68faebe13fbb04ce2b1cf4f1ce744717f9f5f557c6849f4bfccdf78167e31fb6ff003dc562a83e9dfaf7f337f4b499be67c31f429c2d71bf21fb4f821ccf47819a2faa3c8bead34466d636879378f1f43fcc3e7748eab999d85755ab9a8b051edde4f3e512741ca23bca7c9db27a15e21da592f3b6f4ef05e84f54fa07e3627d1bbff29bcfabb23e6aaa7b1fa4fc8b21fa3f5fe4ae20fadf88f95d1f6b43f14df3dffdabe0b9cfb77e5fe6b7cf3bc6f5694f38fa6fc5318ea71f049d9773e3970c4e2b6b0c93ef8f80fecb38bf99fa3e6c2012e7d3ff002afa802b448e9bd8fe719cec71f9ee8ca3764b0749e99e1fc61f4179261c85063330d8a19ee1cebfb0645bd9d539b5aa8c6c5d4b272716ba332d53d3338cf5c01ee2bdd8ec9d7e3cd98685586917a7cab43e5ad117b5798bc5c34c1358cdb04ce86a1d0bb17d38e6affa3404bc5fbef627c22dfb87e52316fd1e78e7e8242f4ff3103a3280a6247ea1e61e9c4d5baeb2719b32f387472f25314eb475091fcfc87538535f306e6d5933761f3105b8de4d3569489448e2ec66234ee614e4f6326d8aab2b9a3633b64c6b90d73d078d92912d1b95864b383a0c0a92972aa06a41374e73daca33162d3bc6f7d59e25ef65ce13d698792fa1701e9247f1d7db3e7c7c4747a9e40c77c728d488d041a6da73107ba78576676fc0dfcf0be85334e859bc60eaede89cb74399b6133e513aa6d2635413ddae8b8dab296d52471753eeeb07c2367eeba07c3da9f76ce7c2d4bef247e7f5efbe2b9f08cdf54b4f9b61fb1ee1f18bbea3d03e5cd3f62aa78949e87cf9ce5feab923437797b06e0c2b475dc6e8fa39db7452e196b6f84b86bb737b53c5fd43cbee1bff00127e887e6c99cf6911448c3da3646383d2f3dd099c76ef989a9abb462597481bb42f9825465ca761a66436a22fb23b255b715b2bbdb5cb2ab23e99e73e68ba7d5dccf81487b8733e13b27a4d6ed754f216fd2db67c77b9e9944f30f54f44cb384e27daa81e5d73bf479c37d777cf0fb7f4af18786b20e34eb33b39c4ff005efcadf571d0f9f5ef1b3e8df35c4f4739ac2deb076bf3cfb07cc07b1782ebce792c57f3c2d4d1e9a02fe8fdfcf9bfbaabae4328b25574e89ea4b10eb715f3979996c8d969196e9da49629de2011446e729b19825988f5975cd0398e4fdd37cf91baafa73972959e43c88fa2e7f97774f64e6fcce03d16d798f525b7f43e863a2f4ca86154ebb9b25b752810701e9368f957a4f7488f10f49e6b9f3d6784fa5b48f9338efad7e2e2d7b0f2fd01ec3e49ee3bc7c0b17a5671e5199b986343b4ccb3ddf08763e8be43d21d39850d7c56c894d2150ddaa41772b4cc3b751e5b9f2113c6dac5f868661bb0e3dc0d2be0a6af23d23abe549e81cb6322acc65332cf63d69e1167e8eba78675fe988c8d273c9e6cc04d9b6b54c2936ab9594f119fa3cd79c1ed3c4787553d1b5b80fb30becb2d3cfa1eb3a63cf30bd23381ab283cefe7bfb23e543c0b9ddbc4175fc7fa91d2f8d7b8f9a1c569e623d6ede26a8db552f0631113d5ac09a6a744862c898b832e42586e22a5892a17e3890e2811ab68fa16bf6919c65eea51c4cbd930e42ff41318993d744724deade71e7ae272377a179cf9e9f8c2e47e7bc71ea9ca730d25b997926ee6d7e90f67fa2336e92cf15724da86c995574232a58af6ccdf39f42e50f817134f2cb9eb3c0fa09b9cbf41cd1e56903d47679fd823d1cb24f473338daa9cfb4b941cd25b30ce3eb4509785580ba29d734af64bcbcda3197d6523ecf34e72592b22750382938b2ab3c91b15635e2f2cf3f3dc781f3984d9af94c2f366d730f47a0d8397b7af31ccfb379a7d5a6eb2290d4cad0069cb0bca95acd222b79ba673dcdf55cc9f0cf1bf4f7cca7a1f4192e3a2e0fb0f30315eb48eda09e120af6e912e7ba8045644d0c5196ede4ca4d3f6331c4c9d9938e6fa14879bc7e81a47972edd871abd391eb6ea5216c4520544f275cf71a7aa719e380eaf906d234e3a3a26637b92719e8b93db10ab500a08aa96e8687ac1d1fa65fe6c5af475456abe90248dc55a772b19ba991aa50cad4aa79c7c6df727879e4515faa1e03b5e28b7d272bd31a10e5d814146e91bb3bd20e35fddb0e168f7d44e564d5ebcb1a1d26c1e7a3a92619d780c55ada67252754d215451d605c81dbe7f927367a57079d966a2c4b439db5d81c4d9baf2deb8ae5d81d6cc5e8b9be909a7a5311416ae9bff004f656a0ce7f5689a93c3687cceae5e0e05582cd63274eace4593afe6a60757e77ea87ca7e75f4c7c9e5ae7a4712f69cffa79ce3b7a2398cfeaa4337b7ec5c722febaa1c253ee79a387f6ee2fda4e4ed685e30f2fb2479d9eeb30c8d0dabe7007d0734e117408f9de2ce716a8dcbe72cfec2b19fd451db0940824b7501b59970db763d831ba4e6f78b273f74a9f4ef37e9a3a1519cf69f1fdd162fc564751b35cd209e54af34463dae5fa021f09f57f282afb4707d3985f2afdaff1d9e5366ce59d17a3f906a1e94db378c1f43a1e8452b5aac33e39eb98dc476fe72771e8995a20b51bc6c12bc86b5d90af6f4a2199fa396738ad23e6f8adda2ac9034bf9f35724d9e73a522753b45aacc616246b0d66d7cb2c6bf316ce8bd7f95fa8c51452958c08e7fa38e436639e916ab4174bea37152096b9c069e0f2258bde41d79e8bd1f8bd33d87e4fed304e520edc9c3cbddc050d4a7e8e5edc8ed15e1d279522d5c7394e33a59ce9f7b3fa033c5eaa36add2476a098b114b10fc8d0cb3255747804134444db508f668650fdbc3d11d2e6592ed4a99e6e6765d735f185c327dcd7d803a37bc6c73d72acb56405fc5e9c6d4a3648f4316f1764a4c1de77ade2e5bf1eafc7177db3e7ce9cfa53cf3cd3d5ce6ba0b6f29694960c4abd16183d1f0f74b76e0d2010f2873bb9c79c4facf0be9a5d92ae815a431898e849c3e12c52b5506d7766192a347818ad19d0674540bb995e99a37b9cd818e9015edd38c9a08b70c9fa17baf752012570db44af91bde3676f9fd27cfc7be6fe3669141cde09dfedf95f5074f5793f382ff00ce1df48701a5d940621dbe9ca3d78d42bda364caada592676dd2df2fdb86e0a57c0495ed66199e7fdc7991e85db67eb8e8dc46398c1ea223d245c6471153134b9e3256823e6ea959c5ca0c84bb1d59cbb3e4d635ab57fa6cf9cfd4febddf3e79f79d0612578c06c1b44b32e58778277beb679078868467d15f36f53e626fe1578cebfa4cbd43985a729459d16214a0b76893a93a0031de0c2fa073b95aba063c1d7ce549742e18b7ee38cbe6fade6ce3f259e8c75f7295e1f190445cd1ae68261102eba0714f9eddc93114c8f97e3c8ba455b7b48e5f6fa1d1397b7f47faa9e5beef5ae12989a28e6b255d07003aa7cd87d371fe7e7a21f61f957ccbcf0cf693be606774b9a6164f400a7b62c159d6212082470ba78ef9268d305b34e12c67dae643b34b5cb1a50226928dd044ea459e136f8432fda7cc3d04db923616e10097433a124610145a4f5e30438d731c8d564780daec498b7faafa74f26f5edfa0528ba1bc63cfa20acf20953241b42979417736c038fcaeea3307ac7b4868ddcd28892f9ca41d6a399b3ad50cf63a024db6de251a510e7c110c6dcc10d7cada2eeee6680f4c8cb30cc882b5b06679df5fe7a7a16d171a12c52818e41731e35b346412a88b31c14c8729502b2c843b436754abee5e57ac7a879fd3e28e9bb7f26c63dc733cb7a33cfbb5d5ae7a8e3f986896a13012d7889575e779008a10c15b5064b3d82286488ad9566a19974691a0a4616e0867218a4847f15b5503621e9056f26c1a63141aa20849b36df3c6254c2f463a0bf97bc44c9632612224898d2cb63887b6b30af4ad6794a85dc4305047b0cd1609b79d281e14e4572225f8a9c01a55b60a72b73cd097376cafa8c04ecaa47d57403f7dcc0c6e690e65ba267ce734bfb75ed11b29cc3c060b36c62167a0a960b4e4e29d811114f1dd23a136596f8bd6e14c9f73f2cec8eb460eb9a5190676a41609248584945a0728e32ce0eb6619587d3621ceacb47aadd89e43619689adc1013e3a808efbc17eb52059863bc3efb63140a0267c6e2d5e282f8222ed076306035866dd7069d8c69c22cb08a159c57973f50b96e2d018e8d857b09c4946c445bce95a6079d757c51e9db58511e811f0fba6ebf32d931a6096bd7a2588f2c1acfcb84d8c7a3589b12c40662991db6bb27267d088d4819280860a8878cbd5b40b15dcd1efce69760750356f0b217c118ea62895a1b710ed0b95c86ed4b44b157b6411bb30a59706b1ab6b2f6896669283ed92bbde4af1dace27c3b58671dafcd7ab1053d4d5395d1dd90e45dd60398abd553394b3273a5cbdce661d8e65126c56c8c33a7ab8319a4b3d1eed5e261258aba252b4ccd2f54510749b2932ab28d11d527a36c87518c34592d40c6b2cb74a8c01af63a322e8326421d8ce946d5a528b165e78addbd0989766adf2c98e71ac7cc431b5a2a362033392d8e48e2be83f30e98de9d968bf35544d047013c156b1728475865086b1a6acbca39f66891606de418eada3d62e3e02cacf84d08736426bf0cc599e9926a31c45aa274c176bd919158a26dd48ea0ecac888ec396ced83a29b1350d2a73466a54cc84d1a23045b5cd68176cc3a66ab0df238821f763a858a2ea05ac6ad8e6771cfe30f79a776236efc2d2d88e997abd6aa50636b1664a6d1d42c651baec8b63f3b52b1915edd233d5b47aab595c765d3d425bd1484f35288bf166671bb2727d993cd4c16a4a4898c998498d475c346290dbced3d338f93b3072f2ef6718993d0d227e6d699aa6aeb1a5771f449ebda715afd5ac69d3af5c921af0191cc5ee60af6798f5a2cdde77a82f3f1e5349d9f6011bab0ca335529b6e552b49355276cec06768532b52b59a5f5968fffc4002710000202020203000105010101000000000102030400051112061013141520305060164070ffda0008010100010201ff00e8b1a7f844ff000b4dbfc26bac7f071fdd6d76915bd55bfdfc7f75e572a51f16ff0007bd9c4be1d5ff00c1795530352bfe0bcad457abfe0fcacf3ae3fe0bcaf01d60fdfc7f75e4a892eb17fc1792289752bfe0b7e52d69c7f82dd408753fe0f6b045acd61fdfcff7571f35d2ff0082db6d9eef8a4bfe0b69ae962d62fece7fbd35eca4137f816c896c4291ff0081b0cd72dcd4a3ff00037da58ecc86d7f81df19aa5a11d643fe03c9e5b96a69ea6ba9ff81f25cda59fc98ad6b64ff01e4316e2ad7a8f675363f773fdcef6fd9db7de4cf10d9f3fb79fee367b7b779a5698389bc4adfbe7fbaf21d6fd0cff006932ac14a9ff007dbe98c72b1b0f38b5acb1fdf79147f3d4ea93c63c934d19f1f97fbedf4e99e1c33c862a19e36f9cf3eb9fe5e7ff0054d3cde5156eff0024d2ec6ec27c52be5848d16647feb36fb9dbef79a1b2f15f23fe3ddcbb0863cf1b83d6eeac9634563fa6e79ce739f2469a3f5a4b3ef9fddcf905b797eb5bc85bc9a4f23de599369acde78e6ebfabf25d6d9863ad6a1f1aa5fc1ce793ced608a4f3ee66de3eea794819e1dfd6796d859163d947e0d67f8bc961fc77a7f0f92c7d7bc8833c56dfeee790ff00c3cff31fddcfb23774a62a3555124fe027652a54b35bf1dab7511bb46e655bb4ed6726e63dbd86e6eeff00557f5f3ecf717fcb7feabc76e7fe327ca7c8a1f37d66cbf758b3b6f2e9778fb3df6e34be4dabf23fdfe47b17d9d6b4636b952ac7e2c7c55f56b6ef46916a66b9e676b75d97656b6e925c352e45b896c48d19d57906afc8bf979f6efbcf2b91e0d4f8359f5cfade5eb7b0e7c7fc7df45b7b18afe33e4bfb6492e5897259224d5f8c7ecd9d4b53b6cce100736a4164c9b01fa84d958318cec478c541fcbcf3eb6b5f61abcd45ed52e4fbd5f21adb3cf32da60cf195dedd3ef54ddeff009141e595ef76dedab356bb596d141f5699ec5bf26b9e5f3cfc7049b19f3fd3e41da4cac96016660566867b5bda1b9d879049e5c9e532f92ffd53f9669bc939fb5ede55f291e496fc860f2aadb6b1beb366eeb569d76bde44d20c86c5ef20d849833c74f9adef709b96e4903d5b6de4762f88ee35195aebec2c794ddd800c31a7361630813e725be3b72afdce1c1e814930b9c2df62dd794debdc2e4f7ee4a48f3c761deba58acd27d3ba3335c23d78859d958fd9cfa4562b3c5326a6246dc362e3634ad3330884291846ce0453439db9edef8e533bf6f8770c0975633f2717091e815669ccb5cad5974320e625fcbb128f5a9da1fdb1b08c546a834c75ebb3b160b29692b06ce8224aeb1945c38173b769d66ad90b918142f555ebdc372314c846347cfaec99c9c8df5da59f5635f4f214db6588669dd8e0fda8ae3228c5292bfea566fd58d58e3d8edf24884223ea0a9e47a1eb9ec4cd2fcf1f060c27237b1679e73957a960b1c0599f1e5e25607510eb6d58ab2d78f29a5d87711b34cc7f75496c118b7ad6ef8c01e669fa2c0ab144540ced84f23d03c1233eb238979ed9d9192a464cc09070e0489bb02322c486d41c7e3c14e841461492681648017d8eae7ab67f7a3c926460e173370b008562f9b88b1f19bb1c2dc9f5ca9ec413ddc242911d6cb45aa3526aeb4528c3aefc5935b0ea9f4cba0ff9b1e311f8c0f1e5d0bf8faf8ddbabad15eac520b50cf735b2643b247dc6a76847f0fe417f9ac49022360030e233632e360888387d73dbf48fd2c6b528252fc5f83e445a4b7b9d76da3b9fa8c1ba937967c913caaef921f26ffad8bc89f7e36058d758bc5a9ae19a1a16ee2cd1e58a75af3c96651fc080c421587e75e4184afa723d37a2a3386c384fabbb94ddb7909f227f2b7dd53de58f235de3efff00211d53c7e2ddeb93c71b40ba87a6d8bb17dffeb69b86d81b0ada547cdb471ecb77674dadd96cf5515c923dbd9d7327efaaa23e3a80434589ea40838c202f0ab2608ecd427044bab5d33eb72a38f1d5f1e8f42ba9dc6bf57af96c3bfe3bc220119d6d4d60a36765b6b6322627f0f5d9b8bcf769dfb9b0adb9de518b66ec923cd61bf6eb2392b47478ce73b4d3621c9b235e4faedcf694f098d9c45b425f2dc8bacaba9fd6ff00e93f5f93c8af6f22d8dbdba6da6d95458b5c9321b71c161b26af7b5e2a57d7dfcd5790db8e6d408366fae9ab6dea56df6b8cf2ad95fdb424fae76639c6719d83ccc08c387d0c2ef2492998a7cbf0869068e1898491cdacbf1431c544d76aeb0c3a883c5e96a04ab19578315e28be7f37abbeab529d2a9247b631c235f0d58324ad735df3bdeea47b3ad913d69109f5c2838a8ca4224defb8666361a4f92c58f9da8efbfe965de4bb47b8d5fbd5b762c41a78bc660d147167605e76b28a6b08f97719ccfbab1bff001bd78c39b08ebea2e5258040b9bfa417623d6aa3912c4391495f18f0a09185bb019231033e9f408a17012c0c879ff9bff9aff9b6f1d3a187c6e3f158fc7d69fe2fe3fc8d7f814fc714d61f9fcbe26bd9bd36fec4ec129d6ab83140495122e0039b1a574fad4a9cdaafaa24fa19c76665c25de59bec0721739e7b70011f013bdd5be67fafd7ecf3ce7b9939e7bf23f64d27fd059d98501e533f896b796c6cac31832260c63bcad75f205a783368beaaa80fe8b162df779b95ce5e419c97ef2488cd2872fdb9edcf20f3c87e4be75ea0f6edd67dc4fbd39c766964658aad3ad02e45961901c7c015464d96b2c8cd7454b39d949ea9491bbe492b59694e73e8674ec6427b29e4377e7d03efb73ce0ce7d3b049f6363c8ac4febee152b7cda8b278ad472c789461c6ce70e4e66cdb56cd68a65b362d8033895c946049231b39525562fc7fc710fe37e2fe2fc3f1ff1cd3edcf62ddb9e7b86edccd3cfe413df8f18359464a82b470011096c22eb69168739880c38d8d87d4c1d3c86a32d6caecd97180ac8ebc966ce4fa59b90cacc520107c44622f8bc49ad1018bf4bedcf3cf3ce72c26dccfb8c00ccd60c15eb4700439d9a48f0ae8b5b33c8500c89570e3637a1920616e3d8d612c6581c896b927b163844517e28aa2bfc1928c222f918ba2829d3e7d0c62ef6ec1b9eca26d8d8de49300cff004f92d4580ad651ecfa8c69757967224c20e261c387060c7c6c93377aeeb09b6c33b02d30632436798ab7cc44d17c5975b0224f9f168be45046917e3bc3f3e3af13cf2ef26b9c12640ad4e28d5170af099dc38c61d751451589c5c5c40f83d1f454630b2f4659e0dbd589ed4988b147f0788d77828d308b1bc4d1ba34495cc0b53ab575adf2442af13e779324dd4fb30a73ee658e1481b57d531e443ce2610a849146bd3aa4c8d086f481bf61c7518d9b99e8b4b9e495883889461e9d0a71056f8083e4f5cd79d74f54210ad8308c403399070cd8d3997a7ce08e340b2052aab91605b088032b3989757aee465d92b626303fb4e3ba9b126de4a0a86caf1cc32d1708010e956b1c58c44d8ed64ea210700ea07531a214e255e7eac121f97c9e28540e5b208d3380433953ca097347ab627065d6222041c43ece5a656b1234115641612d3cb54aa3259af33e6bab7c89e492b32580bebaf43833919f3ea71cf1132a7008c75ae791e94a6364271b0e0f5a3d612b8e4e538b0124e43e89c3978bb9b510ed0b6c64b70fcfe62b0a10244a8a88d062e38b62940815421c385437cf8c25b08c184a9c735b1109c2ca7856fa35812fe468754061c6c9b15131b3994a7a39cbb5e4bf762b1afd85a992e4db028b0887e230e53ac17938a3894d9b1472239c4a14e703d70e5cf651ef86c80fd896123a9efddac49375d078e22e0c3898718c4b214ce41e4b169eddab97eefdb581e7b42280e2e32c804752281b3b01d7995a644455ea4637a0ad8164618e381831958baf7af81897ceff0073374e823f1ef1d44c0096caadda3318b2ec54e725add8bbb09ec99234499e530041108fa2a9c0aad9d5a3e5ccf2ea6254f5c92d808c2433038edce31b1263393012df6eca9f3662cc7c7fc6553d816e5d6acf3d604ab4d3472a48cc67dc6c67916bac1f0f9d681008ba952f23435a2491150336364d9664d5c308238e46123392163c60e3a73dbb776769111ab84e0b77fa53a1a6f13009c50738f219ee3c5660cbf6cccf6ff2629a7bb3eca6a0d5440418eb548a30a13938ed5d62657eac00c71684b8e3b29f5cf042924139263cff00466ec48c54973b7732731c34bc3e0f09af5b0fa50074d96c34f4f7f6b54f149b6d9c974b35986dcacaac7820886142d889923493f2f4d6b2d5f9231c625eed8d5e260c1873b739c862dd4ac864939e3a1c27b3faf9ac3a7f0ea7afce3b738a83066d369a8acd9e4d769c5b4b62ac90c30a516982f472c03a24789174ea565c6c8e2182754e386232c5bb19aaaaabd430c0bc71dbd0c18ca62319c0cd9c74fc508b0f8fe8f00249e0285f41d91e7daf90519c47d5919488abe1627a7c8431ae74e09219a35c0a1563f91019dace3a48ca5d970e0cfa907d8f4cccddbbac61161f9c3529f8ad6d6998217e78e9ea49775e4b1ef1fcb6cee20d4d4a1c71c30eaaa504630e2a7d634eaf1a9ecc643f38232ab8a41672ef35bb3a88bd7233afae338f44b039d84095c451c147c620864711475fe1f2ebc7a965b167e13eb7f4d8a8746c258f56618b2fd0632449c14648863c793c95d6260a703616e02d959f35691e06f5d41f5c03db0e7d1f08157e35686bb5ad1b5658f8ce39f76aecb267383d1271f046556aa40d59ebb4490fc63450e09576c94c61e5802e10314b61ce6c12b632383d1f4339f473938ec037af8fce94d0da2d36e2af9045ba937167656357577356f5ad97070b1c6c8a32d8ecabc24587d306c19f30b9d9bd76bd620c4538a4939dbb392d6a5d3302483c03e80e09e0025da4c6073aa57f8c5667da08f8b1ada741473c8217bf24a818092ee00f45496cecf8cb00049edd83190e475bac68e304cc38ec4c925dcd4d78547b5c3eb8c66e797ceee1f39f9e3bfae7aaa0c2d2486412fd8b92b183db9242b4a98583492095cf74f4a7b16c21b21909008e3163e06307c9d9cbc804539c18f67b0ce5bd01872556694f7edf40b9c0ceddbe8cdf8e8af218d20e8589ceddb9030c4718bfaf9c6a5da738aac643c3c11fb39db9e0e39716b3595da19e248194e750e1892c08c2bd9fd344c2370ab9ca8e1f19d4a211d9b04a91727012f8a7e430b61776933aac23d13c2e3b3e42b80604e47a32b6312f3bd1ab0aab1915fb76e73b33893b160ef60caedd7b03813873260888e4b2e70a15f8c666711c664c8f1999a494672afc968f082bda422331afec18492a725c99b97666af6e3904a4f5e4bb372581385d8f673c27a07bf6ceaaeccc4e04e09ec0962f1c2ee879e1dfee55b12145e4e2859247fbbc9c723198e1c5ce3862cf34b31d45796949aa8b5861e3eadb03b7162386598333cd6bbfd5dde4faa8ce70675e3825248c73dbb7203cd0468bc1c6c776c2002a223174edcc885e496b2991461cebc6718d8cd65e77d4c0338eb82338411622fc097562847571f0486f09bbe12ec82562dcb9709015c61871adc3102aa738e5b110930c5133193969158c966653da2915e3c387d11ce498eb3b2cb3cb5962917d162d8318b492139d3e210994b2fe276ec31433331cec0160dd99b249a3879f5cf6775c9e1a6893ac9243c7d3842cf29448b23525339e421c8d647eb24b61f4f565c8a3214f3c92f2127199983c6786c662f26727d73248cc5811ef82554bac63d168802ccb259089f8eb03244fda3c6cfa3cb4d09ac460523b7232423096c9ed59975010ab974c725bb496059598b1ce43e10e318f62e4f62c4a918a400cce824912128cbc111c8f8eeb77f54fcc833e48acca5a4579b238262912a058d982e75e492e12c599b14ca20057a9058b9531b2e2b3b6719c363e13d4362be2af1e95cb246d2c71046259a4524bbf093095e0fd3575e705d6dac7b6192e44832321496c56121cec87257c9e4d5c56658473f4ec18874f4ca1480bc87ec4b1e7af6ed3cf5f3a9ce492ed2b4b1939c628184bbd72a1e1487af500af5fb3a49435d4bb04eddc61ce98319a36971da792693509c29127627873d98004e1ce70af071bdfffc4004b1000010302030505040607050703050000010002110321041231102241516105137181913242a1b120235292c1d1145360627282e124303343501534404454a2f06373930670b2d2f1ffda0008010100033f01ff00ee2b457a878eefec2fd6d4fe5fd8579ed3c7026c05381e5fb0b4dddaf8e689e1f0b7ec2330acd4668b0469627be0f25ee32427e270adaae104f099fd83cf8a6d30d12c6ccf1bf0551c7d98ea53db4ead371e21df87ec1d7663b101a222a6be215674e67127819d155654c4b8876486804f13c7f60e9b4b6b0065ee01de4b2913027aacb80a3fc3fb079b0d41b204d68f8205ed60749e11ce7e4bfb3d3fe11fb07f5587b9b3c931aaa79844fb27531c54e0e8c7d81fb06c9c38336cc6071d10ef0343592e162ebc5ed1d5460e90e423d3f60e9baad32e9392992073de0877ae0d0d6e70449f1e08370c1a0cc1227f60e9bab1719965269026d772df8686cbdae6c9d2e7822dc3652648719fd83a3fa4552e199cca74e078b93456314c12f0e1e127878278a0e0f24bb35e7c3f60dafc4e26a171863696e8e37e2b0ddfbfeaf3121f907239ade0aa65a99f2cc8d3f60ebbf138b707014c1a798713d14d525d9800da99785f35938f785c2098e33a7ec19efab78dd3b541ce7472fd83a8dc56269013bfe8b1240dfd7aaaafaf54bc5f26bfb06daf4f1188639e5e2bb810d8d01d4aa2cb49901dab7914054a440f6a91f3ea7f60c8ecdc4d499fae7b809d37961c3dceb87454306f3bc202cd5a86e16c8363eedb4fd82b1588a9d9355ad6030f7dddfc5aa78aee6e8581da5ef235e89ed7e1fbc74bc1b9e723f60b2d1a87934a7bbb14343853192f2d379e080cf1c6448fc7a2ad92856767033365aeb99275e9fb05970758fee15428762868f68d2e0359fc1518afba73cbbd4e87c957345bde087408311207ec14765e27f821627fd8cecf532c519235981eccf24e2ca94f2ddaf998fc551a383c8ea998f77bc66ea5ad3cc0fd8134fb35d1c5ed55eb5032faad01a3743241f1847bb7902c7399bf0e0b14ea403864745df325dd11fd1a9ceb9403fb034dd468d276952a80a953c33e9b33011060704d731d4481966a1fbc382aada2c1ab5a0036de27c167c2b4ccdcfcff00606ad6c4e1194fda0e9f8acb80a83bd766758347bcaab80394cb09d57673302c677b1540007023c7a2a15693bba735c336a3426387ec0ba8f698734ef31ad81e2abd6ef5cf7b8c0f9dacaed30566a849f66e41e6a95373a83c9cd51c32f253febf87c106f786ee9854abd6755a957338ba6cd31e0a868d2f3e49994014786b2aa6403ba6f9dd62997dd11c82a95fb38e7766732a387e3febecc5e09dc1f4f7da7c351e6809019aa7b69088124f8593f9c2aa5ac76f5c7c538d619a40363e0a861a8369d2686b40f5ea7fd7fbbecfa9cddbbeaa80d72dcf12b0ac2c04b2c018f14c267dafe540526921ded47243f5716e6856c151a9cd83e90ff59a75d8da4f7435ad73ddcec16eb605e2fe3d11c576938670d6b193e9bab0fc6a1f4fce550a181069cfb77d16ec1b007d153ee5f498080c20869d448ff5fae6b625ed00b20519ea782fed4cb8370b356c5548f75adf893b3bceccae3909f4599ce6f72d797374213a8e3180ba7bc6963ba3869fe9f4e931cf7ba00d5763d28cd8913ca093e70b0f89a79e8d46bdbcc1fef453a6e71f7412a9d4a14581c24d475477c8268ef2a0d5ad24759b2eeb0b58fdaabffe223677945ece6d2137f4d0d24346620f44ec25768654151a1ed7122debd507b4386844ff00a6e17b3e935f549b9b346a562f1d55e5cf70613664d804562b0950ba8d5730910638aaf8aacec3d7399d9658ef0d41fef08c2168d5e61526622a0a62cd808f72e9f79e1be97469765d207525cef53b7b8ed1a862d9e42a3df30086b4ce69bc8fc4a15702c1339377fd36ae2bb72ad39d1f90740022c7b87227e1b5f43b430ef6f0a8df4260ff0078ff00d2a9b1a5a03759f5551f9893ed197009cd63219fe59e1c5cbb3a961e9325e4b5801dce2a8448c3d6239c00abc4b304e8fde31f25fa53a857c8585ed208d412155344d223772341dd1eee87c556c1022937366b9ce6df0588ed0158d46b5b90b632f5ff004ca3877bb1ed638b9cecaf8eb6053ab92e634eb709ee7b8699754d651a7ccf9593f13da941a340f0f77836ff00dde3293cba8e2dec10ddc11c78ac4d482e73dc789e255523477aa346ae67b67a2cc1bb8d195d3c027546169cb7ea9ee0448bf2941f4dac2e7e4638c08e2553beebca6da299f54fef312328032b4f9dff00d3326169d33a3dd27c1b74c6d3029b6014c638b86a554a8f0fd6c8d3ed234e2d52991f76ff00ddd41da4f2d71bb1a7f0fc154e350faeab2b412f991c0fc0aa3d7d1529d0fa2a77dc29ba64d74ba6b64ee40b1f1ebd5643e529dcb54cef2a30882fd26c6dfdcb498913fe860aa781c5bdad78c8407341f741e0aa02dccc734112244485998d0d0492600179587eccc254c4d56b5ae89791c026bd81cd20b4890471fee40049553138b73e0e5d222f6d2155dd9e77b403f92a8dfab9cb90ccc8de1f92610f9a9ed106ced01e51cd33338b9e0661044fc96135912040b68d5866964104026c0010a988192a7b19b81f2b7154aab400c787119a380f02b0ed2417531ce5ca953a8d22a3039ba6a537114195071d7c76e1a7fc567aeca6dcd368e7695900a6d05b51df0ebe0b1c0b41aee0634a70479f3549d89631f9ba10e23c6535e2ae5a99da1f6332550c116e7139b91bac496bc53a6d6b4d9ae9de1d6176b001a1e2df69b73e2aae2291755c477950892db003c87fc2d4c13994a8119c8971e5c9769b4b730a6e137b412a86370edab4f95dbc47d3a14299a956a358d1c4985813501a186654a8db36ad46e9e03558aaaf71ac19567ed0f9468ab656b69fd5f320dcf9aa8fecac25236755636a3fc069f158becf6e410fa53391dc3c0f0580c7435aec953ec3b5f2e7fdc36861c53be67f01c93837fc174f005c9cfa6f7f75306c1a753e683867aefcee6db31e2c3c1c7a2a61b969b640113ecb61768626f4a817030640cadfbcefc176939a336269d3f019ff00258e02d8ba4efe2a7fd576b61cc9a39873a4e9f814e70870cd90651220b2f3a70419543e4163ff00f0a61708bbe2c38aff0065b5ecc53dac61bb64dcf80d536e30f467f79f6f82ed1c41dfaee8e4ddd087d867dd09ccc2bea39c5995d047127a029ef13df5391ecf78067589acd07bc1775cc8e29cdabf5c693b2c44686150c8e6b1b155dbee1973b4c700392186cfdd431ee3bd51add7d51a8f2eb171e8a1adf67c62e9f56a805c45eee37855306dc828b4899bd4225371519d8d64981bd3f38ff820d12556ab5aa53c3eeb34cdc7af9145ce9264ac555c39aac008cc044deebbbc4d7c3bdd199b21bd5a60edbed7e13b36bd667b40437c498589c4d4cf56a39e799fc396cc2623094abd40664f1b42c0543bd4ec9b5719532598d39583935b61b0858c762e961ab3b3b1fba0bbda16b5f8fd26b18e71d1a24a662b1afad50886c6569f92754ace0c682660009b4698601ec8d05bc5de0abe2ebb441712775a382c350cafae1b56a6a046e37c07d1c055a65d5e19945aa4c11e6bb2dad2d2e7622f6cbb8db75fc957008a2d6d069d7bbf68f8b8dd124b8992753c76593556c4973d95a29ccb78c7fe14e0e76601fce5333348a796da02a99a00e7738b72e5316bf09fcd3e853652a4e6e924c5efa894dbf39e1a2cd49db81d0469aa71cfa4353b306ee9bea7ff0034419519443b758c02dcfaac85ae2c63a4e763b3cc5a0803ed7353ff00026b602bb00de2c396f171a2ab85f7c3f991b0d17119dc1a48b0e2a937b7f09dd986b8c8f306db3b3e938b5d50cf412bb3df506f3847eeac257796d3a927d3661ce0bb863c39e6ab73474becba03b2f0ff00c32bf46ecfacf1ed6586f8badf432e3f0cee5599f34dbdc2c1e1aa165dee02775547551de516b5a7afe6b0d5db9995014de68bb261d8e68738ea782c3d06b877b99d0608e29d429bab1247bad1f6bfa2a7dc021c4d4759d7fc392761bb49ac78de1af9895a6c737dc27aac1d0305e1c78b5bbc7f20b18f91458298e6779df92ad59d9aa3dcf3cdc655f6346a5372daf75548e40aea5561d9ceae40c8ed474fc4a68b874dee234d984185a595efce5fbec3a0ea39aa668971a41e03fc2de57549e3335b9586637b31d7457b1f0e1080cc35b6bf8a01d7123922e712f224de489bacb581a2e2d791a8d6563ab960cfdd886830788e2b1b43145e5e5d4cba1c0991e2b0b41b0ddf7724c029e5a537debe83a2c396031abbd075544551960b39f229a1849009bc45963486c40ca6f1ef218878a75b2871d1c389d94cc6f0be97584c3eee70e7f20a992fef046f6ecf2eabb333477df058366183e9bc39ce161f9a7b2a54351b226c274583aaccddeb0584c9582a7619aa5bdc122fd5523b85bed18bfc977776a7e42e2a3138574f01e22156a8c60a7f57a499bc845ee25ceba238884e63c383b787258b700c150e58136832a40e64ecb840f656188fb0a5f4f0e0e8333be43e84546f8854a8538a4e9cfd45bd138bb31249e6af2bb8ad2d83cf91549aedda68d6aef790333b89e0aa57ab9740ed0a6f79907b14c651e3c4a0fc65173c4b29de3c3445dda552ab1b249b0d7842ad4434d77d3a435877b47a651750d2da34c177db7d879058dc4ff8d5491f6459be8108dad09e74b224ef5d0e011d989a99333dc728ddf34cb4bbc7a2d7616196a25a8ec1374de09bc54c47213d4aabad80251cf25073e06ea00650651937d50d4a945bbd37e8563ea82d3621a1a4f28bac439a1b320691d6e8f3db2db9d9953de05dd020782a629b2d71327c535de0a999078aa6c2da8d1a0c8e1c8aea8a946517755bfe5b43bb34b3ec5423d6e8d6c6567cccbcc784fd125ad274844836bf05021117d995bec833cd00c6bcdb28b2c654a7de101ade2f79cadf8ac0509cd51f5dd1a33719f78dcf92ad05b41ada0d3ae4b13fcdaa9713c4ea78953742131a3544e81171de479281e9b026f76d023ada105113e08875b4e1f43c76b55f6fd489330a42a99737057d848ba829c4ca205a1656b5c6f987a6d136db647dd3015ee136006884e942a13625ae1bdf9858c687ba937bd607916f687884e6ba1c0b4f2220fc514233198459ece88bea39c76fe8d84c589325bbbe26df4bfb353fe1089124f0f158b76987adff00c6efc962c651fa3d504e83215da25b3dc3baddb6f8aecfa6e0dab89cc6632d2de3eba0586a22a0c3e1b23a219509ef1c3ef68ab567e7aaf73ddcdd7f4e48917284f14d1aa7d7716d38f34e77bc8225043609d84f0ea873449ba3c616f4aab49acccd2039b985b5d9969556e5bbb2c1e51b2e813ac2ff00c29b2b796e721c14084e6cdd75411b02b7cda361d50b40d39ec3aa1e28a28abac563a086e4a47fcc70f973586a554d293bad1039cf154ce8484c600d0d929bdec9609e36587ee9a2bd30e61b5d52c3e20b233017693c47053c216e93f4f3380e6a1c4723b3eae98337604e69ccda555f3eee477e4b134a3f48c73a98e46a39cffbad587a56a4cab54fdbaef247dd0b1588b3eab8b7ece8df40a93aab5af98e965528e76d81759cd2274ea9a1338029ee3cb63b552828fa5af4411e6ac896c2af55ac151e5c1a377a23c14040ab201c9d908e132800b35a2c9f55adcce9cadcadf0d86769468d4ce00cfeebb9271b9f14e16e7657e0a42317bd954af565e64c01e413037451a295fa45769ac269d160b47a04ea8f78e10bbc21cdb39a374aab46330d5175ac9cd9b88e5c536ad12d70b1109f4aa303b568214adc8fa669e229bc459c0dd66af50dbdb3a78ecc0b18c2da752abc5368871cac11e172bb42bd9d58b5bf659ba3f357dad09eed139c8201c471b7a269e30172d802b1b2bec36d91f4359311b0e561e60fcd1472ca3b204158514ce7150bf90b0559cc73dad25a0c13c255d1000895642159435b09ee0e7f9a39c78ab42078a00a0eb5e536a36937de2e024d98279a146ae4dd264c90b30370138b660aacf9cac2e8e48330ac6341ccfde74f32850a11d5037e69b51b05531897b034b72f3e68b45d35c2ca9636939a72e700e4772955a9542d7b32961ca41d2cb7be9e57036b145f51cf803338981a5f658786c6b78a9d0273b53f42cbeb4c725656501121421b010846dea806f32408be88a1c1a38273a9d3fe6f9aa93a279cc223d53c346fb37b96631f045ae21ae2efe47055a6cd71fe521626496d2a841fdc77e4b16e6b585af21b30234955481f56f07c15592031d60784955c9dfa3563a357690a5dd8a3532ea46458a74461aa0f2958bcd6c3d6b34fbba958e0d86d2aa6786580bb45a64d021b37e81768ba628117b2ed3fd57c5768dfea87de5da3499714c5fde780bb5fbba6ccb4a18645d769d4327ba107ed71f458e6540454a2d238caed0a583ab9ea61dcdcbbc43778f875589fd20772e8741e133e4b25df779307f14e7b6a12677fd148304020c205e1b298eaa2b3673711cf92af91dba6617d7800eb60a2bb7ab551c43855ee5af7b46925b9872b7c153fd2eae4a658018ca4c910affdcdb742a8ee3b49d8d86c36399e6acacbeb4a85c55b6e5a60c7b5f8212adb21b31a21ca3660bf54160ff52d583fd4b3d161bf48a83ba6c00d22cb0e3fcb6fa2c38ff2dbe8a8fd96ac252f6b237c602c3556e666470e6152008b2a783c94fbbcee34c3bffeac562ab88a4d6d2e27f2e6b0b4ebd70eaad0730e3fbab0b13de04e7919a9c0e93f8c2c2b759b7503f154a0775558d337cce07e4a90a433ba9977424fc820f3f57562d1003bf15573c973a47002d6f345a3d87ffda13e93a69b22759709f805da15f2c529ca641de77c976db840a2effe33f8aedb3a4b79fb22fe6bb69fff00301bd33fe4157a781acca959ae7669b9738c7212806d4c4bb5bb59e1c517e52792a58763cbdc06671f555cb4552f6c3e09f12ab600d3cd41efa6e805ed22ce588c65e93bbba6d759c6f9a13832ef1a2a8eae6bb68ee67b65d088d566733a143ba2790946ad67bcfbce2ef5bff732e015d19084a098c6bf765c6c0a8db65f5a76db6c2956fa0ee6a297d40a99a7dea474f82c402d7389226e3286fe2b083de6f9bdaa8b71151d9a9e52c006f711e4985bbae603fc2e77e4a9e21f2f39b2b385337f52a952ac4b0164d8ee342355dbcc7ba349701f209e272d3227ff0051ff0082c50300b34ea7e6555afbce0070102022f6db502cbb5aafb22bcdf36adf0e4b1542a557620812d00778e9fc554c6570fa6fa3611c7f005553ad46cf461fe89ac233e2226decc7ccaeceff00a99bf36aec96443dc4f493f92ec6a6d9ca6a3a78dbe65765320b30d4e473caa9dbbb6536db98fc2162a64399e96f9ac48713b8679b67d1629cd2def4e53a81035462e5c4f54e33a4051d9387eb4a7d6e83298bf0545f4a8d374e62ecc23501b727a2a4ecad608b0858fcb95d8673a91fb2ede3d2176ae1da731696f06b9dec858fa788eedb9082d22073d3d562a9e169b5d5334362faf9c2a987c4d4195cdfac744e9e4856a15295496b4b082f6ea02c2004d2c4b9c7ec9a447c539a60ff00713546cbfd07b580bb8e8ac8ec8ad7e484abfd0b285bb2a5e2e0753a26369b1edaa1d9b51cb60e6b18f3ecd53e4563609fd1aa1f258ffb01be2e01546d339aa5200199cd3e4989adaa06fde06eff005586997833fbd544ff00da1601b05d487de73bf25d9dff004d47ce16068892cc3307f0acd5330b0901b680045ec38a0c7879702474545a61d4838f39015136ee48e8d7c7c8aa2493dc54f3aaefff0065d9f32fa14e7997177e2bb2e2d87a1e6cfeabb3dfa53c1f9b13453cdfa2e18db8511f8a7bc4e4a2c1d2936551a4c976ff004cad1f20b0748c13499d0019952c46203d93ecc191128141a6ed908752aa0f6b7629e723ecce83c4f244f656147fe837e4a9516097413a5b92a95441759774e6b9e2d9961f24e6b0f92a78ca8ea54ea18cda8e4a856c3778d19abb6208373074548e1ded6970cad93d0055abbaa5524ccceb313c0222426b63929aaef1fa545f8ba7de8269832e8e4bff00a62b34c1ee8f33999f35dd553be1dc011a78ecbed84fab525de5b0022478ae3a226b9ead0a1094360455d18479acbde13f608f5565d5628bccd53a58085da0f7077d6c7530b37b7558df1749f82c3f7069b6a92e91c207c5625decd3a87c18e58fa2f154d0700cbcb9b611d2552c83366beb95ad1f32a807ff0086ed3a2c348391de6561664326dcc37f054f12232c7f32a548d99ff72a555e1dfa3d291c6e51cb621be02139eef68b8ac562aa6568f19428d22e76fdae79792c1bc0eeae45e5b49f3e69cf80ea672c8f7329f8a18678eebbcca4ead2495da0ef60b88fdf65bd55071fed34681f06927e4bb14fb381cdd7242c37e8ef34b0991c05a1ae2b11fa9a9f71df92c63333fb9aa0b272c30c97f0e1a2c761dad0fef2091de1220673f6536950a1877527120068328e35c1a5b7e10b1949c72b73379ac47b45a43411e73c954ab2f73acd86868b00aae1eb8a949c7cf8844bc86500c1136332831ee77761a5daa1851df52ff09e7780e07f2550e8df5551ee000b28aa7e90a6ca8ff054c8079a1c34d971b2fb06cde53a7aafaefe5d8250d806c2b7531bc5388b0d53ceae3e0a9aed179dec451641986ef11e4d0839c054ad88a84f21947fdf2b074fdaa54c7fee542ef8582a54ecc706ff00ed530d4cb5aa9f1a8a90aa7ea28f9994c7e6ca5ac1ad9dcd3a8d6cb9f35819588ab66073bc013f2553bd031150526c71709f2d57d6380ad6e04b4dd1004bd51e3de49e92b11500eea83875a9007e6b11977ebb5b7f742ab857e6a5897349d7745d6263fc51f756f3cd439f33a7945a2d0a91f71bf3588cc08c6d66c691906be4b1007fbe56f1397f255cff00ccd6f87e4abb5b1fa456fbcab1ff0098adf7955fd6d7fbe5173a0d5afd7eb5c3e450a746911de3a6a68e7b9dc3aaaed34eb54029d3699cd50e4f9dd0a6c13ed3be4a587aa14f04ecbae5b78aaaec4b98d39804e6b5a4b4fb32a186def282df054aa537d37365af1042761710ea4ef23cc73d9fda1fb73d760ea8002a3478ecfaaaade89bdcb6750616ea2b4da113ec8b9445a20a92a23e0b3620cf2dbaec1cd53021389b22e1729a02b288416328bee5b960c362c9d50c3bbb67224184cc9071345e7a68aa1d2bd11d3319f92aaf21a2b539369cd03d553897f68d23d29b4d5f942c0b647f68ab6e2e6d31f092b0fde6f328d30d6d9d9739fbce55eb5486d4a956342d98f8405da0fd29860ea63e49e4fd6571fca3f3580611b8e791c5c55360195ad680380410e6844ca6853a0558ea513a954da13746aa92328d514d3ae9c49e0bb3e89dd3de3bf704fc4d962ea5a9c526feeef3bd4aa989c43f155c97318eddcd7cce1e3cb612507c0e6551a77cb722e98698b7050dc9127366f259580a90bbdc27781bbf4efd638ab22312fda5d589e4df9a0699691aa34aa16ec01b1fbc81a6d2a1491b02ba832102e3e2a4a8d5da1d17d77922826809dca1669925342bedb2d3663f9d0fbffd163bed61fef9fc963bede1fef9fc96367fc4c3fdf3f92c47eba87c7f258a7ff9d487a94df7ebe6e82c161e9465a54e79bae7e2ab0d1ccf54ff00b4d3e69d1ab7d554e6cf54efb6df54e3ef37d5387bd4fd555fb6cf557f69aa38b7d511a16faaad3ab3d5579d69faaa8e3ed37d550c35aa5664f26ef3bd02a84fd5538fde7dfe0157ae7eb5ee7f8e83cb45a7827bdf4a9b1c0baa584198954f0f429d1668d11fd765bc566c43b90803c558ab2875c5c84ec9b02761b16f67ba6ecf03f929c4d4f1db969bf9cecde63ba41dbfd9dbe7b2ed5215a028da4aca102f05b7b2a87410b999d924282745c141d878fa2e09c481b3b60ff9585f52bb5dbff2949de06cbb6a7fdc688f35daf1feef86f52bb67f5386f8aedde14f0df15dbff670bf15db8ea4dddc307099d7c976a0637bb7d12ef7a5a576fc7fcb7a15dbdf6b0c3c976e7eb70ff7576d7eba87dd5db73fe261feeaedbfd661feeaedafd761fee2edafd761fee2ed9fd761fee2ed9ffa8c3fdc5dad4a9cd4c5619827573615467beeacee7945367e6b1b5c6f5681f619ba10462382a4dd4f927bce5688f14fcefc4d474c0cacf1e2af0a481b044f356d85dc616e46d1570f987b54ee3c38841d88791cfe5b335560e642dfaffc4ad75f507c46dfa86786cbb7c501b0f243894de05543c40f8a137def1dae5644142345740e811994f76a678a8d8dfded87e83914e1e68a7225028c696d8514e89911cd602968f354f2a7a7a958b7da9e5a23f76eef528b9d99c4977da372ae9acb922fc13ad0d558f1f44d0bbca8c6b46f38c04cc3e1d94dba342812b52a2938f928681b6ca0c6c82a585457a83f7ddf3d85d5b37d95bf5fc76450f1b6d2ea027859483e2b4f14d0378c2e4d9555dc63c17fe1bfd0d4219092f13cb9a6fbd31d109d00f0569d8dcd73038ec1086d3f4de9dcd1451453dd97a04206b2b0342ceab2efb2dde2aae946935bd5dbc555affe23dcfb7bc9ee33cf55050e17551da98f04c02c093d6fb097364c084058081d7541d51f58e8c103c4abc6c810b354a6ceb27cbe868807ed108d2c4bad124eccb449e650cf5bc54a01ad6f1d76b594c090b4ca0f9aa84fb5e89baea50b5c6d951e9b0e629ce638da1bf8f045c2575d836993b3aec7f31eaa62db4ecea868872da551a3fe2556b3c4a60b51a45dfbcfb0f458bafedd531f64587c11610447a200b5536f5559fecee85f6a4956b6c01b6b18bff459b284d060fb47e0bbd786019893010c2619b4ed24cbbc4ae2a5de0a4a1deb9dcacaff00437f69cb083982da7150e21461d83a222a3fc571535ddd2db0baa47aaa73b8d81f14210d815949894e6bb330969e0840d650957527283375bbe0a55b5423642053dec2eb4755ae89b05623ecad7e81d9d76163333c86379b8c2c233d8cd54f4b37d5636a583fbb1c996f8a933c4ec634eb2aa1d0427b84925073e3909402197cf68e0ac2e83ab196da39c20d6f7ce6c39c374721fd5068255916d31cd405959e375afd0b956d9aaccc7b471051a750a01a00bc725564c002fc55a5ce27e0ae9b32ef647c7a292e74013a01b2db0adc9eb083f282e204df888e69b2826ef5b85ba2099dd8192f3ed4fc166ac3a23c91e2105056a104d95651081558002588a086c089d02c1d2906a663f6597f8e8ab103b963698e7ed3bf20aa553351c5c79bafb1a38a77ba13dda93b1a1a2cb540620f86c1c2545c22a54448e085678acf6ee0361f688fc142cd03aa9778292a765b6d96f156da1cf52d73a34307c0f159374f043e257d59d834bc2c8c0814d753b7b574131bab6e6c493c0f084e2f8173a08e283446bc3921c96bb07240268a59b9a60d3542a5437e9e8ad3c14a8d06cd17aa1c7d10e4ba29d9a40587a3fe2546b7a6a7d0203fc1a5fccffc82c4d72455a8489d341e9b1a05d720aa3b5309d4c8ccdd4485cd00adb7fb41fe146c26c105aca12a354716e19a723353f826b18001000b0565351656ab2ded96fa10adb032993c917d67129af710e121cd8211a3541fe53e23fa211ea8168f1d82d7e3a273ae74e013392635d61a0d5305b2a62bf7847828e0a4a16837e3b0c2cef6b7893013d8d0cb4011a27cc48f14f02439be8aa964177c157737ddf455e98d6deaabe6e0aa0225a13e7d905626674e92aac7b20aadf647aa0c6cbdc1a39bacb0f4ed4c1a879fb2d58bad3bf95bc996572804d6cf1baa8ee8a6e76566d135b7728beb74140544d3606321c06f19d53b642fed06deeec2a0a95531153bb6f1d4f20a9e1e8b58d1006c80a5db2cadf4a76c507095007371f82882b3619ef1c07c5b70aa72d8e73a0092854ab7e02574410520aef9c18071927a2194303440e284cab5b9a745946cef31798e8c13e6a2e9c2a7b1062e5348e2ba2727157d502a34d8763de733dc5c799ba0981543a084f3aec96829aa50d0ea364b500426dfc5532e1af9ff0044d65a657d77f2ec1c17a273dc1ad124d804cc352fde3771d974e0d01bab9c02fab279a93b2cb7c6dbec0da8278eccad3e09afa6ce64a777ad2535d4c859e9398e1a84e9209d3f05acf14ea6e25bac11ea98c79cf60444aa63445395e136830077b46e5410034ae684a85642165c3971d5eef82b0909a537640d7684465410bec71d0273cdc45a10d810cdadb9a869f12ae206c9e2839e1a6d3c56eabab232a99693a1b40e6bebbf950844143baa279b2fe32bba677b506fb858721b21593df88a549bc4dfc100001c366f6cdf3b06d8c452f35baac577b500e416536465a7aa60a6f2792fadaa07b2e766f8427300bca723ecc4c955695b31b703709951b210599fdebb41ecf8a6e693aa845c51450d4ab8684d606322c042d2102a022001751c54a3d136d0765919d36166480330f7a2e3c15d01b09d764b6fc2ca0ad54cabab1f15c56edd689b1fbd3e50beb47f0ec85df3fbf78fab07701e3d542e3b37429c456ae7f81be014950dd965a9d96da0622949bdd10c40b885bc4a0cb954dcdd50fd1dc01be8a22f74d3e5d13161cea02c313ac79aa549b0d211ad50347af440465020689a44a9766cc519b2cda1e2a0adc37551f89be8cb92a997496cb871d4a0baaba9da3646c0afb1991d7de91023642844a307c51736473baded8415731cd13a210392dd40a0eaa3a3537ed4a762ddded41f55c3f7bfa26b5a00110a764903aa30635418c0d1c36cb9595b65b6e6aac77009cca7ba7c54d1acf9f61ccf8a6bda43b8aa84c2aad1a271300a73807146401a9d14832116da21005004d85d77746c2e63329e813b8228eaa14a863dbcfe0b261a45dcf33644eac82adb0c591846504760d8236dcabec3084269005ec5d3d7927041ce95a5d77951ce802780519bc5385c284de6b37b2154d6754dc439b56a37eaf84fbffd3e69ac680386ce3b26a7805bdb602b12a5ca06cb6c765f1309c5c64f484e2e894f766637d9247c13326fbe9e6f8ac389697d3f584d77b1527e282dccbc2655edaa60ddd5dcd5473ccbb31fc936f98c4031d4a0e7f78e1ba3e256a77a0a07c10e09ae6eb79502db3546a540d6f130830860d008d928ec83b2fb2535ba9565ba87da565bc4eaa21688b6ce041e48f3432974de74420ec88bcda76344df8a71d07aa71d5c9b3a2a60199d11c43856acd3ddfbad3ef753d1369b6ca765f666ef4fef428928b8950ae0732a042b7d0cbe49a3373fc4a39dc67318e29f9dfd59953a539966b555aa72e476636b2677872b40801be4d5d1128028a01dac083745eecbc56eb5a344e688047f44df0d85ae575aa17b2cf8b2fe0d1f12a4e6bebc53f36a820b95d713f44bb828e2b9a6ec97eba3401e498e7360406b1adfbbf420bbc56b09a138e9ea566f69c531a100afb1d572d7c4b61bab5878f52830405cd4a81b1b4a8bdee301a093e49cdecfa45e21cf19dc39175e1366256ea86a0faee77067cf67d5ff003210a50d1318dc99b78f0556a55306c9c45d5f604da712378f1e4991085ee846882328928b192752ac8705c5704e26eb556b2cad211a58473e6f54cc2b6c3f45d3b1c5a4c2b1da766f792dd53aa11aabaaa4f25cdf36e09ad4482786cea8442c562df968d373baf01e2550c39152bc55a9c07baddb3f433bf0d8206f5ea0cdfc137f54d653e802efb15c56e84da54c9f21e2b2332f99f14c1c50149bea8064f3418138ce5b75443e5c649bdf54d0605d42131c7664de237b821279a6f24332d6c9a5013759c977ba345644e9a20adb61399048d45977b5433ed185190016082be888d8114546c31adb6184196cae25376005389ca2e9c4dcaa635129a5a6d1b2caca555a8f0d6b5c49d00125636b3a6b7d4b7addde8b041c0bea5570e561f254a8d30ca6c0d68e014233f470f82c3baad4e1a0e24f20b1d89ed518dc430b7889e1c80429d07f82fac92b2d2cde8abd5c506d31b8c3af555b2004ea16eddc9aeb4d8009cf1e013dee2e71b6802b22e32ed7639145bbce17e0101aea5344fcb60055947046a3a1a10f733b4ff11bf92c465b39e64f38caabb5bfef350f8e5fc9624096d73e60155e03bbd69fe4589e74fd0ac48f7587ccac511395b1fc4ab46f35f611a8552ae233b1b397ed232baa2a76b8229c38a9d4a0ac80f1d813f898416bb777c4231655225552535d4db53145c3f7058f99582c34f73458c245c8173e7b4224ece7b6860b0e6a549e400d49e4b138ca9fa6e31994ff00934cfb839f894005de56ee9bcd0a6193aa755a7dcd27c362091a94d69d0227a2870cfbcde4b04e666358e5d63441accb4d995bf129a449d513a26774c1c46a8734414ecc1f0afeca372866d0a08211d542c8dcdc4a2981b225de09bc10b194d33644fb31e69edd5e896434006538d4931a5d369e0f345ea1942764a8574e1a8d846cba29c6db1bcd09fa0e4e360100d049bc5d0cb6d6745cd1a4fefebd3bc0eec72ea51da761280d90a745489debc26346ab0b87a0f39c4f01cd54af8b2ecb99c4fa28ea78951b4f0594826eef928ea82316478ab8bae246e8d3aacdc344d98e09b0a15971e2b9accf33a2cc573087250ed7763484d99509c4e8842024846ad46334ce47920c2d6f00103076084360898bf2e08dac8715cb690761928a7a79d6c86c0d0aa56786b5a5c790d51ca0d7765fdd6fe6b0386f62989e7c5724753b0a2b9ed631a5ce3016273e4c2b34d5c45976ad1c577aea8e3cdbeec728554e8d58daf612b158a7e6a8e86f171fc153a54c358207c4f8a0d4de480163ea8b8c2c8eb6bf24782e8ac807e89d3ad939eee811a821cdba205cadd45c41e0b76ea5d1b1ce3941d54343479a8574fcc64d9550e8311cd10aa7921793a21c3d945b785de621d50fba14bcf8a7221157455f61d854a3053a146a7601c11e29802754700d04929b01d8831fb83f12a8d101b4d8d637a051c554a8db0859075e6b9b8a6fd16536cb8a756769bbc153e4a938cc0954d9c02a5ab879734d8d3c90010d99e373eeaa9a35911a98401b9f82a736737d578237409b5d663d38aef341940d021906a896809a1b647608ba6b5bd56e979d4a99e6aca179a29c112ed6dc91cc791e2a86eda63c95382bbbc3002ef7dfd534388e23541de086d747d16941407479a972128201194eaaf6b5a2e551c2b376eee2e4d3acaea533c514760fa14e88e67927d67e679f00a3614d98e3f420a75430d088191bafbce438211777c553f1f1544f06fa217b0f2909e5fed39a3c503c6dcf9a8fc3669650349479239511174eab52fecb5348e50834131aa956442bec10806eb6435053aabc3275308b72319c9319bdc4eaa3e819dae4615f65943a438a7dd3f9a76ca145d352d9ac83bd809dc57741c3292414e24f7ad6d38e6755d9f534c433ccc2c0b2a0a66bb731d1a0c9f822e05b4e7f89623bdef29e22b35dfc45768d0115e8f7c07bccb3bd34542b53cc0c730750bdda7eaa64f157db51d66e9c4fe4b281b6daa350f86a566dd6981f34c6b8dcf821c140d1343571013a566d1be6b342bc2853a2211d833380e7645b4b21104a6671bb7e6adb09d94858b803c95e5688c2cad3bcbbcc439df647cd07d52848b6c1b01d3609da14db686449d44a3dd3c8226caacfb4760e2a9917429800b6c9ee6c53b755bd275408bc2c3d617688587c3b48a6ccb3a9e2546d39ce56db9f356d878a1a9d1661c82b6cbe88059eeeb347145c000d86aeece920aeab82306c9e48b0b2aaf21a154f641f14df6565e2b8c206e82054cc27c185073b86f14fcf27c940f153c6caa08823aa2e711c91744b8a03408cc41f1565014ea536860b345ddbc8033b0ec29a094361fa07283cd04d20cdd18b2ea88e3e48f34d164e77b5a7256da06d88813d2512eb8781ca27e4983de03c6c81f79a7cd1e4806cba7a04e79ccef20b82b6d93730137bcbe83d960d7cd3b2896c74401d44aba804f45234e08e825776207b657882806d823f65151b3aa680a5d074e6a7c02bda34454440426c9a1c4c5ca82a53b9f151a9401d577959ace05c152cc29710345d531ee781ab6c51508b4b4653279226042010d928420b7650cd28017400416561929f560b490101b3d101b02e489b26874837e29a9ad8bf44d2e24dc9d2ca8b5f9a067e43829126eb4db09b04ba6da0e6aa17b5cfe3a37804d6b74853a1b14cd604f3574115dcf1979e0af9a49e68100b905e2866175079a0101c5490020ca6de33aa6b5b08700adb6e8908b53f594e22ee28669cc7c13ea547bc16eee9225630d7cc5ed8d37442c4dbbbbf3de84698d4a7da0c5d3e782d086890aa1d44147888411463614600446a9a8bc1e435424a35265001542eb81084c6a7e0a754143782d15473b4ca3e69c1758d8dcd65a86799405e36f5d994667790e25542333f5e002396e64a3178f25a22ae9c4f44e63663c154cb2e12e2806dcc270e36d80980be09c4abad506b7314ef15d15c2ded75449e8866ca804fce0359bbce505cd44decb35e2133f41398fb57591a013c159194494014367094361957947c904c2e2de211089da1176961f12a05b672d119137e8aa9ab2ecb946811fb482932b3093a273a2d007c763f81d9ad974e29b4a0b84bbdd0b39cee76f2391388b6bc1380bea35d9bb72b923198aaae7c9478a0ee0570d029303d5340806ea38c28d9de3fa0d549e81345b67c76c5f699432dd0caa6a069200275e48369c07031a5d54a826a7d591a0ea9ee0e0d21f1c06a9c5dbe40e89a1f9610255f54210210957d55f61d8573564139a6e731e5f9a3a9d802cd657b151251d810b66f21cd1373e9b2d643c512606c65221bad43a0e4a5c5ce32535a78a0519d119b940714e71bb610374f753d2fc027168ccef245d1c02e09b1750a4c428695251243638a0c60014b465508a7298b27468adb329080132a5b64e06532b54717805a068576607c7e8adb710d5d9d55a3367e9bee54e849a3887d39f03f35da1a8c4d33e2cfeabb4984eed1a9e65bf9ac536eec19fe57829a06fe1abb3f967e52b0717a847882161ea7b18967aa730970ab981548540c07793938734f1a5325020479ab10ae9a1a6ebc540d814eba734088160a2f69d90813aa6d375866772e4b7893aa1e5b0ec24859371b77fc96f6677b5cd341372789426e80d102255e26101d54dce8a9d57b729d102213c48694f0d8cca0e7833174f71f66c8a09c88260050def5c3c102e1d5587d080893aa8d974d7586a1403659986792eef0adea253bbcbf128f243920b5213d3e5730150a8d21d4184ac0f1a4587f76df25822cf6ea4ff11fc5540065c4bd627fea8f980bb41af8ef293bc97683811ddb04f10e58aa44b6a5026faaa5ef35edf258677f983c0a1f69bb4069275e4a5b28585fc910207aab6b29c60231959a9d5c85a3557d9254050331e29a1c1acd78bb926b0133af1e6aea06a519b944b4f256573795de4b4587129ceaa4365d4e63d1542fdd1694f046f420db9449b3548bc84d013cdf829e29adb099e2bbca80004a2f0278705473b80691cecb300468801f4442e5b1baa1129b5712da77bbd06d18699cd609b1add40399d726db20ec95a5e54937401851c135da0ba10a53759ba3c1e53e754d316ba67d90b0ff00602254e9f791bf3500cdc950895e4117f4080446c0804f7b8001363baa7079b90812059349884dcc8653751216ea24a73dd1c1546977766428de71d3dd59dd60a5f196e9ce75ceef2591d3c3a2cd2809ea8c1eab9273b740924a6e1e9c0f68add225102e650d81153308a329bc6c1372eab3075ac8654ca955ee3a011ea8078637460f9a6da5339594844a6c6cdeb0b73d8013d573d92567ddcc1bd4aa3c5eef208036984029db9dd1f050426cea9e06e893c251bcc281251a972600e1b6c871509efb20f868007332b28b3512dfc93b92b20e0e3c829924a892aa39f945e506b435ad33cd553ef65bd821abdc980c8285cf14e6d8a2ff00050a25d29a2d37e2a344031d54f92ce64a3171050425471d8547bc0f45646533a4aa8e1c35587ca41745efe2a7429acc1e636cd7599c4f34220a196165441908a08f01644b7d9d16640ec00ec3f41d7f0ba29d16d5144689d0b26b05dc91372872d9aa011959a4e807128d4195bec73e69b09d304d938110639a77da578f68fc15c8e6d4d68174e352d7588a2e737f46799e22eb0e1d2fef1a7a82161aa8ddacd4d7bae78278884f124a93109e382ab09ae1aa131cd7795a01b714661a2c2ca46aaf017341a4c1f55bc55e02126fa4af8a9442a713c4994ef64689956fa146a546b3ac22cc38a7e01653a5a531d71aa682254dc1441d929a9a04704d02421087052514405aa10804484dea8ae6b30d0a009ca4927525590d3601c55c0e0a2cb3ea61a3545f0d6b6183e28440100269d4fc530d97da729060e8886a9982aa4eeeb2bb86cbbda3a2acdb97df9429d402b0cf71cd8769f25823a07d3fe1242ac3fc3c654fe682bb59ba3e954f22dfcd6399ed61337f0b81f9c2a5fe651aacfe5fc9502edca804f3420e5a80aaa23f05dcb09377954f2fe09ce609b7444688c689c1c201f1e48c99e69a3821a6ca8664c4e8bda9d1122c611b9946e251a989cd1eca3df0693a2d64a12b9f25e41373297a25fad90021028e650b828508aba74ab209bf6c2b2330ad1d53724ecd3605053e63aca19c023d0a0385d3ccc9b286dd0034427cd0e1cd3c3dc66d160b2b091cd7d5f7a758b2356a3dce3a2cee80613183668aeba94e16cc5549854dfed5369f25837694f29fddb20ca85f9de78004cacf5f2f208338a70cb7e29c8e599d540ba99f094759460df8c2216793caca6ca0adeb59195970a1c7dfbacf50bba9f8286052e2b9ab8083405628f152a361cdb6ca07d0b22bffc40029100100020201040104020301010000000001001121314110516171812091a1b1c1d130e1f0f140ffda0008010100013f10a95d289454a254a254a18575f898601d312a512a5744eb531d28854a2503d2a54ae98989889d28f1312ba32a7c4f88d74ae944ae95e254aeacef89476989f12bc75a84a95d2b3095f57bfa49cf4a9dba73f4574087d3cf4cf4ac4a8cae9c75b95d5fa312cbab3af12c8fafa6a54e25425cae819e95f457f88fa8e87d4f5be9cfd39eb5d7bf53a0ccc8b3f0ccd74be95d08b2a63a574212a6207d3674ac7f8dff0019887d5cc7ad75ac4a97f4fc45f6bf47e8be9c75ccc4a25743ad12ba1f47c7561d2beae6badf4b66ba63a3f487f86ba9f531172068ec3a6a3d0e84b89d095081d35d78fa0ebc7d3c75c74aff00154beb5f4a4e254bfa2ba67e8a97a25df8c6df9fa2f32babf42e1d33d77f530ff13f41d5fa9fa6e67ab72fadfd18eb46cc5933930d7c44b7fa101bddb8e6043ed441c2d6afea751eaa612be9232badff0082a62a5c3a3027338eb7f41aff0001aebcc7a939e8ced2e5cbba069366e4f8a9a093cb5fb8c74b411bc27f4874f7d2fa32fcf4263a3f5f1d43e9e25fd0547a1d5eb9e98eaf4ae951e8cbfa3370967d19970a19031b549cdcbe60ea2d1ad69b80654f10b1697f1098e98e8f4c43eb21d2a1f4543e9e63d389be8d74d7f81fa33d1bfa8e8fd2f4ac7202f29c3db58849a3c9c92fb11c2ed2bf3afaaa128efd73fe03e9beb733f432baa7d5c7d59970ff0015fd2cb9a884af252b6724bba25505692ef5e50a0bb09f615d6fa318cbf1d730e86beb589d0e97d2beacce7e8e7fc64263a574bfa78eb72ba05090005a029abf7293296cd05c12b75db981b6283e31330ebc4df4af333d2a563e80b81f493df4eff41fe0a8c663a5cf5f4dc3ebe3a53d788fd3722e82d5821178954649b0399f6713225ac9f64fa4e95293b425f427c743531d77d6fe9b99e9da7138d74e3a71398f5d47e8dfd4cf52fa3f467e8b97072434684853ee019d4fd85e3e29c310ce7cda8ed95d3e3e9bf109cfd2bd31d2fa56ff00c36f575d299c4b8ff82be8cf565f57fc5792395135e7dd4c124a85a76f90e98f9a1928b785d74e3eabe843a37d4e8fd1c743ad7d0f4e3af139fa6feab998f5aeb57d311eafd23bb8abbbb37fc5c6b79825ecddf9d081b0dea06d0d21f4712fad7fd7310843fc1c4a95f4710e97d1bfa2c971fa33399fcf4be970fa2f1d5972badf4654e7a33387f7372fc1c10254156e1ad4ac50e65375376a864acdf38e97d6efafde1b97fe026654aff3b539fa6fa338fa4fa2fabf43d6ba30cb4202b9562b40377de3bec5936d9db96cca31aa517d8e45fbfaae2ca7d2437d2ce979fa0faeff00c2b2e1311eb8ff002d4262302be9a8062aaeda223bbf377e98554d6c3b8efe8e712e2f4a61350fa2efe927c7d7ae9ae972faace27be8f4ccbeb7331e8cb7e87a5e3a32faefe81dd47498415f76580c02a3ae7b46f541955b6feb1898e9719f12e2cb7b7d16f43a1f4df463f411e97d2e2c57a12fa0cb97d2fa32fabd0fa3352a6257d553fb893247a80104bc786154a8c1854c3d2fe23fc361c3a3439bf72fa2c5e8bcc5fa0cc7b4c7d64ccc7f96fa5f4be9997098faf538fa6fe97a109aa8e2762a0f015b1734f329089bb4b3c2a5da42704d12ed61577df55e97d6de84be95d71d332fa1f4118f57adc267e9e3a6e04a97f5d7d15d2fe8b846711533c0b01c369282ef4add717a885512aa9442c796e3208a626e861c7ba978e998cc5c7a5c181f4711eb52e5ce3e8b998cddff0096a532a574c747e8be99ea57f87c8afec33245bb04bceb45f2ca92d2d1bba29a55e1a8700573aa8254396bb46574c4e63315d03a62133d6e1f51ea2e65c097d6faa4afa09be9883f473f49f4e65cf9999f3d5970849d51bf5a886397b142d15e4ed892aaa70d0955f34cca877ca2d0551ba5e2e32f312511e8cbf1d09fcc212febdf4e31d4aeb7f491979e970ea75e61ff00c15d6e1d86857dd2e9828296409176e2a1d45867046b9eebb712e2a95d828d9ca4331dafb9d310ea13eff4667331d78e8cb8753a54cc099faf72a6e57d38964e25cdc7a274263afcc6333d6e5cbfbc5ba5811ed79894421808e7601f788377bee140e58f3de08bdd4313e05113d3047930fea3d1a8c632c9707e8beb447a5c19c4bfade972e7107e9bfa398fd57d2e3f43d2c97d2e5f44bf9015765967cea5302b001c11fee256ac746280eca0dc5c000781b305aae59b08a57be5d0c7463d2bccba259ba9674e38fa6e712fff0080952badf5266fae254e65d4beb9aeacbebf3d2f5d2a828816b2ed7e894d01e0293c67b6d8f25b2001ae5bcdbda04ca15be03d94e7c441122ded82df0597332e2c562ca41ff2df4b9cf437d39e8462cb97d31987d37d097d6e5fd398ee5cb8bd315d6e2cbe988ba72589a8623345885c2a2a37c87cc765a4e4905b507b54a17606c5e30400b1c4b972e2cb7a6be8d7d0f333d2a5e7a32e77e950e9b8c65cc743a19e98eb52e0fd5f139e97d1f72fa575b9739982b1444bc7bf7008590552a8cb882bb806102d768c5a2790be6a2c38f48b67dcc61a4e99b6717160d13eccb9717a2fe8bfab12badcb97a972ea5c5972f32e2cb9589c74498cc31333dcccedd6febccc4bccc1f45c5972e1d1db1654d18647b0c468d8502dde717036db9c60e377b8bd3f381961c59a6ae90d66a0e866d7562afe206f25572e5395e5e8dc63d133bfa0e96d4a84b97d2fa1d5e97d2e5f41eb98c3a73d6fa5bd1e97d6e5cb972e5cbc7d14d4a65408d4cba41758dbf12e956c8d27a331cf5310af22aa24c92561b57cc2eb2e2f0b4b882eca802ad7b144153fa8987a2f44e95dd2e67adc3a17d6fe8c4b8be20cc5465799539e9531d2e5e25cb97d6fa5cb97de2f45972d97d5eb7d162c1de20cc12733a3225f164094c569f22036816a5d0a6139b810badda873f74697672a154e7011a8bcb5e43b47865f860367753f32e2b2fc4b965cfbcb9897d2ba62a62ba5cbe971b973c74ccb9738d743a7339e97e6732fadf4b9772fcc1ebcfd152a27558b2e2e61d398248e53220a3dd6652a020005551cdcc3e37bbaadf9b8b88e75d99fca3a6a58125dd5e6aaaf71c5e61de687ecd4b23d0b973fe661d2f32f3332e2f5b20cc54be8b98fa712be81eafd189c4a8c5f5d2e5c26072def04581534803d0350a35e32be1eccb8b2e5ccdcb8b0ed29b951098893614f8260ea17b866f359842044136c1fb85642d0a786060a5afbc12f952cb55071eac096cf3200bb2dc3bc4b2c42bb32f3183d28972e51d2e5cbe8b2e5d4bc625c1fb41aea4c137d78fa161d0971832e5f1165f32e591d41633dc171d8eeb8985f1d75345142f97995156d768734ca8c0d5888d4b788aa029c0639b1978972e092e5cb97fa964b8bb8a91893bff00eea62fbe9b0532b976c16d37f1d65f13638bbf3b2c841b7b86e1c8d3e25786ae19d90078310e16272dd1abf35d58b98ef538972f32e5f4e3a0e3a62510d4cd7d1897d2fadcb8cb83d1e9799771a1d173d25c61e8d0878316be558c9e17dd52e5c5bf227c88be46556ba5f8e8bf32c97065b98b1822b0cb5bdaca70621032b80da8e2ff00881ecc2060297978402e3f6b0cb4330ecdbb076e596942155695e8c249a9f23e2e9aad285c078d88d06ac5bf260a56f489d148c4197008782b6b2e0cbc6a5ca99ea5ce61ee5b7099b8cc75c74be972fe9bfa2fa5c5c4b8b33d12042120c0a10a145d640c4bafb2c0b6fa8abd0b6e2a33a19d1ab61a7e60a8da1d9c4bf347cc52e3aeb72cae9718b83d302d4d8a58a465b8ab30a778db57729940bc3755ccc76ac73a38c458858573c8de2a53ff0021a22b9f8890c80641672f3fc459c35ec0cc60b2aeff00d62160d41bcbf845972fe8b97165ee5cbe97d7e65f517a5cbe832f32e0cb970e8dccf4fd421312e592e1ae04db811fe506d6634730420def799e1abd076992a54d64551bed96e5bd3e7a5cb8b2fa9001578db742cd45a2d9e2b0f02a622d62a34fe0668bb2ef6fb77854cc78c2bc79984709c5590d2c927f47794900972d8767645160a2f5343b7cd76898144362d86397fa824d4ee2cedcf0de25e62e25c772e5ca743c0c360ea5f4be85d4be952e6dd3d4b87b9e3adcb22cb219e65757ccbc4c4597d17165c01b04a4c97b96e46466c965f261f882c13be69c839a6550b02b278022f1040b4f8c6dce6a06f52160791ed2e6f114ef38be99d74d45028055ec13362a8b30c12d7b98903abc02f02e9de34b09ac0c36d8f9d5caa81830b7639aa1fb854b41c797985a570209b31476b77008803bc0a5d76832664a8d1a746dca960687150949751ab17864bf2788c1c0b82159abed1ab1ae8dd0d91a8d32e20d0823489c7e666226eb5c07916ea0147b59041e563e52aec34970e1eedc554b9834b9c2ed511b2065e431a2b3ae0719820d9280a56da88dd5c9f9144bf10562f30716f4b3d0442c0520571590f98274be9772ce972e5f9e8d74525357da59097e60cb21dd22b0a340bc67f88705f960e4b16be08ac258bb6f67fbeb772e5e6666fe4c61f9e6193541517bd97cd4b5f36f8efb91871da53f4a52d7afa207631de17a53877d871797c4a27719016dd59b3b29232831c62f7d7c27be96f3d2e0cb808b6dd95de78b8016c6e326af510d822d14d83860979236c0185de3e11fb2f16a9b42f38ef13b8145074f771a431b18a044c86eef1f88b2df38537e45314b37db4acd4fda53ba0b0b566759737b20155a85b63c07b730cda9805a3b87311e4b02a6f165ba4adc22865ba9ec16fdea5c8d6bfe20cbf2c2b3279597db5141f6c54f84d03b3cc3ed32d1517461ba8fea904272c0f3441ed22d08af8a0bf32aeb240c82273485dad282c6c13b1fb44eacb9d9fb544c4595aacfb2bdb64bc096b3ec6d17ef32e949072dd526655940a28be4c2df1d2fc425cef2e5cb8b2e5cbe8612e0f44e801b5c07b63c68502b7ab3c3f2458b4dab6bf2c06a420ddd40fee35d00419b943e0753999188a17bbe84ad80ea97460d7cc6b92696e87b307c020b5de25adea28838b21d6fec56a500c276cc30f18bf9971711aa44f6732f93b64b97818ace7cf4b2625f466db1476332f377757e438a0df763b4d1a24bde2f1de5ba8440b29944d5b6c38d0986279070572b0608b63256dbb6f9618000c6a31b25dea3a6c9847dedb3b8e189b76c0a5c1be73cc006ca0283d85f152da3211b5ed72ca38b9b5d2e326da1a0f673656655d52ddffaf128d698a8517baacc65a2d38eddd90f6822801440734a5d0fda3264b90467795ce6e25c26400ded17689aed085b861756e2bbf988ab614c176552f1cabbcb53a356e9f97e2109b7b009c8006f23c454b2388b88a625b2f12e5832e63a5e65f504971b729d2caaf2cf3086c4980e3ef7122651498a968a16afbbbab8f42166715b604f5c4adfa8cc001ca1bd52620d8e1dc96f0a5ea02416a92cbbc5ee6629ae03202fb6b6435347b86dbb5f74b2d5fa29fb8adc6b47c746678abbf151fdcb44303944c4a1e751916e8bd7bed0c69b44761f60cacaaeaac13e276837d985db3b1576adf06d87054001cb0fdbc4b6819556dd9e208828a71c6501dd80818c0c5469c2bef997ac0ac7306ea9fee69895684a3ee92802d9873c0a3f71972d9c6a3f47ef323eef41e8707c4b53cced962d1deb7088b2a6a359b0ad66f5be96b836705daf005e0ff5366366d00759e7e216a5388de62c2e21b2ae5f78655835955cb6a877c6218b76bb516c9a1b385f712f833815d8e239417401d37cb9f514374559abb3bcd9f51160562b5188b144941abc7e7105acac80532eb39e49797d0f23a0e443513a5a14306795f1da2ce532f5a39156fccd83b00d94f386e125b94ddd99b39c46da780101585be3bb0a705502c1c37747a95055b808eaa24c3f10021cb5819ac4229a11b57ddd41ea38aa143785e98f14679121eda85940a8883d9b13b4be0602b60669ecc37b10094a5d67b47d4c6570be5a3e23f55105b3bac01b6064b4b91e20844a4aa7e63ee20516641f9d90d3a021b34d0eaa0e51726f10a7dc5cabbd34e0ee16b58461b28a6c94a765fedfcc351fde2562e08fb30c7beca23bb83f6fd0095c0df921d6b0aa64e335a311a036a6d6368baf9d4707ca0ccfa35df11137954da707ee2dca80b82768592632e8a2efceb52bef769d8d9e56256a5f963ef98feed29b38e0195660bd763c4b14522d842ef22ab5e5234db869a8bf81f9b95256aca0e25097100cc69a6df131629f98054f74c2f823b3e65250904076364ae5bcb0b0b1dc174ec1de1432d89f0c6c6fe625a8719e6bb35b1e49519aa5a0c19ed1fddcc48a103b28a36bf7b8aaa65dcdeb54174657e7b455405c8050f3cca37bb6dbb6ebcc242a5a82e02af708d039bf30b473196aee58b2ff0045ca2691e0e6e14ec014b421dfc45d92007451a33686616509c8e6f64bae798a455e98b6a378bf516252fccc37460bccbd3d546c9adf68eb71e4d03508c0aeb156c303bb1461d8ca25661f2c65c84acb9113c32d2c4910bcb2c1b2d61afc5567b46c5541582354ec6be6692e2c2c735aac35f78c1aacbc107e3a30d74cbab14e7712e1592d741df1cc6ef0d452d5e331daaac92d7ef8c7da7892868a05afe21da154120cade4df8180ac83538f8fc808cd02a6d69b597bc32c82bb06d3bab965d20f6c029280813e598ea3cb10297180c04418f43bca5cedb104e201547d44e994a8373dde7dc6e819f8a53ac5e627aadabd78fc4bc662ef6ffa98eb8c3fdc02582a37511c5c2aefef1e17cc71571df15ee5d7b44f7af303530b2570bff928886f07f7f30474b0eb6c5361cb9c4b75db1290944fdc070bb3982030a182dbe1bf64a2edf0c96def370d8255a442ef276ed338ac0d3c44d09cc7255e66a3c510e05b391d3156057247a8006228e2b3055a98987d9c271164343528cde1e3b4c029bbcc77aa300ef18dc6b7577e2004af955309805746003144d3a1549ebebcfe22ce3e3a30d4253639a026104cb5cb8ab25229138421e5b4dc2b5bd933445d5111e7844e3943adbd2fed43020b66156d28783984f82530afb3e10b58d145ba209d34be77e63cd8fe634050dbacba039876373c63ed0b704aca8445cb04f99aace60205a80bc3819585b221f0732a031b44868abf13c60997519484aa00e317db9883c67882895ac1a256bdca92f1885696f3175c006f6f3178468e488e3749b252e2345d84b1d39d8f78a306e0d463ce653374dea60df3822d400d6e18c50b82ef47788ab3b63c7a97e8de2fed0502006c56b9bc9a3e22a17abf3f795b86b86bb44af0531df3190bb4cd44b3c470253097ef24b64c86a15e3853c71e623cacec725db95a8a67bd5c696440bc5c4102d54e41cb1d89b7a64e447625612506b0e69cac7dbdc02813b4d4a8ce8c1e7a74e978eb95c2c16f1e609cd880fa610512a9bd6ce2e0365826e2cab13846ecf046d3b0dfcc33c0dfc24f4fcb1c784ca01d8a86bccec29d22d780b759840b43868b55e98bd1ee542d03cca688c719cc550d98abefe5850162365773988ad32e66b903034e38982d7ef1b16b77297e658e659106017e96a7a9f78867481d0c4628df78e16406b06aea83b43996d4285e4db285a4559536d5571de0b958303b222de54983355fa959219e1dcc47930d6312f3b2842cecc46de6e2de152d1c12c61cd4c037dbb456a04b2b713038e62aa65555dd6dfdca88dac377cc452501e31f7ef2c1a0c147fec7416181d83b403ba2a0c14180d472390514e31001b5f1102bb601614b00696fad9796e53eba6a8d715f6874aac1d9e1be209f203737ca39ef18a2329ee71f106bbed06f09d938964d7b7b8223ebb744c0a55bf8e80a3a544e8c007b630e6fc4101a2a39194e3c4e5e98132109835e57c42d40ff006c8dbef0c98abcbe657899d6f10341b79088615c41d95608ba9965f057fb5c0055c8d5e7e20d764c7bc5d46ca36c5800c9b828ef17a8147a897841cddc184a97f3114a4cf11d3450b39bf0470bbcc3f3bf029004bd062e535537a2213f6431b161413cbbf389aba88982e854b7c1132d328052357ee3238236976d5b9e3bc754ed52b49696a867e6020aa14aedec1157b8a4ab53915bae20c0a2bef1bcc37a7dc456c941aadf3706c213600ab32db78849a005a8d3c2ee50da8b9cfc15cb071d25642cb78b868405a1b6bbc273c40a74078a096816965eed65fea161b6871c42a9c63dcb5b80a56f77c46380b96bb704a5a1b18098bc8b7653e2f6437540176fd8763cc4d4406ad0c19ed1dc7a0c5cf443c48349661bc91dcea1285ae83b769513e3405398f645fdd8c6dbcac7b67b710ab98592a0018c4002a689c271712806fd12f26c3317265e69b4aa995371912f8b8646f86bdc2c39e62f3157b4c9c002c30e7cc08d203b2c81dd15daed2bb67995890401b979c3081b144b295ec2534f6e09ed5508014c5211fb90980d6ff90469801b3b101ac43aab2da2b6bb60da2b96d49f6dc5d4371bf728c19cca6072bb173dae245a941c9e16ad85717bcd3fd40e14daa7a32cb4350d800f7b6eea3f3c0a4141bb3e26b29b252e9f37302dbe297168694e4591087a1bb04f351a6cd4dd7ca198646e074db3e9da521d12d6abc245438943d6976e228be0fd8c0b16f0ba8287cf18aa3857e6100a2a0e01a6666091c093670db9ec12fb2681704d33fb94be3797cb8b955a06a5e302d9168b8c3e699484c2d506f2453dd1454344aaa452edbe83d298f5352e24aaad05b88c52bd188221ae565e5060cdb50c332e2241b155dfc1e2503bc01c2bd4376f04b58d463b42a622a32f57752ce0d5a52e85c7b9c3353354724034b598165888b6b02e0bf71444a2302997fbc28fe0600818af1da5bb81587f094301e84b5a10e4027225c7f622da429852ce312f41692a5e5901677acbcf89b5d9715547251cb90a8a232d22f431f6998131d9fea50da5de644ef415137053374bef0baa8b723c59a6e345f6aeebcd354ce8b8050f19a13335403c2e1c925822af2d17f98a0392c056de50f89b9541626aaf421ab83563f9750412d46c59e57fa621ea83e520b0f8548076016e6054365761bfb52be210ef8fddc4a589856ae98039819c20baac0555ccd28b019c34ba63e5d2a0258580e8f31670505839af7de5000d955b81c356c41eec2fdccce64fb0b86152d7b6ff0029ca3d388cc45e9e7e4966b291361f985f83241e402c175786153fbdc1aef702bbd459a3b145cbdb146b56713c0c42ff008984bed2e2d3c1158661aa0727ee2ddd788c159cd2cb435c7ee576250a2aeec9ddbfb25c6c30c7e5516c8a7024fb2cb32644d08ae45bb890e1cd6fd5a2d23c810a7354c1fa1c14c3396d65aac4de9462180b6563ed48cd7117e6d8ec9503c3658571cc2a12dd4b739701dfc4180f988065dbd212a28ae76ad16a956c32ac956eea05a8f41a4a1f314ca570651122e116567c94e2551736b854ee807c4c51ccab42f97f8a52492ec6be1a73389043685ba686904e1d54270fda59ab05a54af2d42d0a3807c82ff319bc6ad595e6dcc272056beda80070934ef9bf7176d00adc5e68f90961e0985f350e6050528ed58d412625ab77307685caaae576558560ab3bf30f081af11a07397b0c150dd03067b62d8388b96588222efd8cee2348e9905298df699a96cacf1c2568a687ef0e979971959889c4f5f16059e206b11512dbd46d90f601edbd5c1e46b100746e536e331532aa3f110eb877dc8171d91031e713c179a96b5014311c0b4f8829069b225d2bc943dc073d0d0aabf921d6fb4bff00ce3806b8dbfb8965cc0b4a5e7cce517bff003cccad818daaa5196598b5a0d2c0b6d15a6e2ac095a125ce44816c20612b8374656c3796bf05c09e8a2fc5b0d8dc44320b0193e7538bc2250be659ced2b1f188300c15fd1d0ca0566b1f36099bf005931c61c496f272d7cac15646bba9eed95a8f2295faca093a7c01f158f98baaa6709fd12f4be1a47aa5fc4396a58b086c66666ae608320e690ee3de390a03009765e9adc6ab7167281fb67a425368bf65c074b38a6e096c4b34a0dc179a5077ef5dae393e427719f980a66c0b9c1e6b68cd779e24b1758c9617a63c0182b22c98e78c462eb18ba9e2ce0d41534d7e18ae05932f6613c10c0f463a3a84b96c20a708b69c57b870b5b4002fd8901a0cb46d1d8f665e26129552c2b1552c86869bccb8014500c4ac352c92bb37f10a6e859ba335e25897817db5092b045578e21c31c5c40e770b3d625cccc17c6a396a9afdc2e7cbfea88590bea2c0b80b3a172f1ea22e5dd7a036f004b8a8b7687f29303b7477078b2c624ec6f17e57ea3f875c5afd11296639ee1416610242514f94dc06b00b5af3fbc54895ff00255129d041d83e293f981ed384abd7dc8b836fcc3de088603a12a9f720ed5d5abf48f8b72eb2ac2873948008dcdcd4c0ec0bb85a2d096c7392217e497c942a61385b5654693b210acaa26884691b517e1715246f997c473813011fba5c26dc962fb6b5f13851c4389b2fcd0bd1cb51920b235354499a0d902ad9c535cb7931174817bc5ed5ed1b1090a157f129d70338561433715cd38604ba038ef773ca040c7613f52ce609b14da8d057cc59589a36d39c786152681903b651dcfd98c98cef8442946d747fecabfa7ee4b8f4ae8de2d11e8dcb3908ac9e66be61e130410bb1d4b29bcf68de462ab4ecfb46f8d6204034658c034bcff48cbbecfb46a0e7bc4ab75466242724cd73b981f3a8da2bb4ef0b213b1764a45be746e3bc5dcb555c4301c2e8d173c2fdd856ef42a3fe5b97ebd4070fb22017d812fed8519add18fca3fb8acaddd8c1f6b8d225e9b87dc84a1cd8c1785023447ef254e4a71bf899a6dd35bf28486b462a47d806cc5d4eb5aa71897256bb2abec4480115816278393cc414b367e1a06c7989169936afc367ea525c5658374ddeb895c70d5fef572d1b40894c54b078e6186d34a34fbb1a44280d1ca6e9ab5c8993aac7bd85fb455340b4399f88834bdef1e57ce7f8f318ab5c297d8842ba051e93609d06e0554a204d60c8fc44aa202b555b503f99513063f79ab428cd8b12c5a51de2bdc2f0b1ed2d3d835a5212e9564be1388249c5e9199f4a6fbfebf83e65004324157f73f475ec0e4fa3305c16d57bba7a18c42c27965c1587e03afb40d0cda7da6271b95fbc2c4a2dedb8c32ccb300775c42d4a8c1e35330959d1182be070bba79814d337c15ccbc620a6f5040a051e56784f2ca91b62aa57985a2b9d6896ea2ff3280af2c4ac31674290fe21bddf19802146d61eea25440e051147bdb9f52e6e2af081e4d25fa065ab7dd0c2071ab51f357de37641a663f8b1e6ce5c891c16b467822436eb21bf07f04045db9a8fdaf2c02c64cff74c487920ab3c603e20a1800a003882b9215d708ab094d005b2d6dfc6622a55eee7f040750bcb5f8885dbebfdcca33ded95207cd4215a728819d9003601e07b31c5a5c54fc51871eec14fa68fb4ac87ad5e55ddb1fbfa9916edcbea62b825a3782c39ad4391ce395ef00058ae3b76843910ab59551e89c854fe23a082d6b0a8bb74f35b809c8b2d33689ea8ebc636fbe04bd1029f4c53da191ee3a7a5c2e68e6548ed7f7096bd7b97ef55fd4a3714a57ccaaede2532255367882115548bbf99483817178208502e900a272deaa0db9bc3ef1ab5abe2517778fdcda36f632fe22b800f2e7ec455695ae060898a318db06862e2dbe399b6a3e1e4cc6af69e87de5ee711df38f8a5dcbf221220df4439068e05c2aa8ef19fc1442b6bddfd32c0df27739b9b0c1006763fd254199e5ff51cabbf1fd44a8a1e33fea31b55e6d7f52965538b57ea57012f77fd412ae8f0ff00a8b9a27873f9268183fe71003936ff00dc41768ed8ff0010cc48f65fbd4c744ec3a7de269fe6e6ad68fdc7c08e12df18beeb16369543d0de050fb4c780dd36efcc7a1c601e4d68ca42671c2ed795e5db00457e3d416deefc45d4a7d86581f04b165d435740bf31605e0dcab8880d9c64962b35ff00307cb11d8f15fb63a32f0948dfaac11b56d4c30daf6193afc3a3f332e3996d5e56fe2215f88e0c915c3193c44db16705b9ae2185a010ecb83234a35994300eec1db25e7fa25cd6bc40cbae5ff7114362f39dd98f895c5388b14ef14e0cdb744adac1bab61f9999a4a016ad01ccf623d907c9dc0684f97f648da507971fdcefc76fe4b8dad6eeff00da66c1df0bf9253c47afe0ca26a25908f0cd9e624bed0c18e3337e8e6af9bef1a67e561464be51639ee5700c1e705450f9c4a9fc9fee645d55e7fdc5278bbffb8acd16e11dfee3eaa15749aa06d6e0143bd08f452ff12a2aaa360569532fde1b01b55a39612c76baf3150151ba6594a5ecfe0966989702dbed44ce4a879fd40051808a55cab627de42a83d975deb7302ed4ffae0c40b480e8cfe67ff00a109c28ae39d2fa5a25824f1799926b1c7c4a3a2e22b5749eb3d5cd79b7de563cd932e08b2dff506dd7aed137c2c825701e60ab53510d079329b96549c8cf8840bc1ac4d32104de280c259aae7d4453d66375617af51a2c5f770fe370d96ddc40c007e796605f1ee216caecb9b7bcbca39cc6be3dc6fff00497c4598342b116de625e2366e05b58520e94e364c77c4e20faa82c5e226cae3c44036b5835b4801fea28e3f50b395883400b5251f2e27d82e3f2a8fb416aee3f4bfd133a16d543db9a82aebb67b79890cb928da2632717c4c654da2384a6b27789835b6eb0aa99aa7fbf3350c47cbdfd7305ed1f2bcaf958565b7f53257d11c8da53db89ebc9ac383dc7b235aa9756be7ef0712808ee20bdc4b98eaa82bd22308f0177e5c10715b5fd4b8abc4bcce59fc98c19aa45c3dc20ea0691db5a8b7828228de5a219903932803356f782932be214a46afef2835e6873e48d169aa7b1e25096d9c2f58ab8eb18662d5e77116721bc98e3303598b17239197ed2aed80c3b413989c66289b97e5171880b528b37e625101c0e25dc831b5a8df2f8545477e26dbb652cb2cb7b8285c541c7fcc5d0abb656038cc751134ef3cd60f997aa2b86fc2507e634a722c450f80a0f1888a48aae818a2af12c6b4f98ea2d7b6a2774de36fbc00e5194a5f0712e87a8868edbabbaec4b9c537936ab7c1e084c607de1fb1fb9700e565b41e02500689d9a57aa1d905ba871a8d11c3b974078d74dc15a08ad52c46cef1a561de3778e84af3fe3104d794fea3539a6a5f75badf1ae88b416b8235490003b919a2bce0450270f1a3eeca22c979bba08068967dbc4ad6a6096c01bad198ac5a376c4adcde338967c0976d5ab03bb032c7f52825a8ea8b57b877575df9cc6ead55f07997bdbbdc700ad5bf10b9b62bba282eef104a6b604014f9940d9da3730f3c4e736b0a7680e0542ecb31e31aaeff00316ce2186ff32c4e578330abbbe0adf01b892a0e47d80cbf352ecbbffc7dbe56500c04a4264ad300f82ff530d7e86606d04e5dd41da572ebe2600282107982d2a31737fa414096d63e22c0bd8ae693102d46d5e20db28c1876578344aafca89466b1afb607c113b543f9bfb8ae5740714d77f5025c7d44c4b4aef137531a50a8126037977118d8a3f10149dff2e6389c8fd476962cd4c73541f111682d601bd0e7d0852810072ab97cbcc5211036bc441ca872ff0051a269ababac5eea0e102f95a3f301806c392ca73e62842b2b38a3550c14b3b4a1a97e357130322b156b8d4547342d7b6a080006bef0a38f399ed05d13077a8c0f3eaa15d00bcaac8ab98a3befd4177b7f10506bf72140561c453a2a635514c13063cc5959855ab4f129dee38cd8a415ed8ca1eef6bdb29e886205e0b57956bf894a2b762b6bed72ca96fb4c9acec66314f6e5cb2d28f9d4b48103ee61a193363084ace436eb5505d1ea145baf8d625f6882474c65aae69973b4a2b55eee0e358771e7c3f81149c60f6e08800e0fcc345d2df6f483e64af99baea68c1b6773f4404bed29071bfbcc44b0525ec8c55e1fe1974480565c44ad8f91c7823aa9c5d5d3f115a6b6c55aacaf7f07965027740a00e218be5b953e51ef1a966aff00d46c2e3ee357f8222a6ba0a34c06eff897233575702d02df1abf129db77b6dbbf31bf0c10c552d96898a6b11155dff003a26f51cc4028281d52df3884a431d880a21501be814c3b442c56b75c37894184c157150e148069e21d9fcc2eccab8250c61e6258266d1eee83e63e11de1bd9c3a3ef0c190a34f96f27de55675a6517daf5f102b10aa45fe65f85f6cb03ada262315181ca2200aa6a18e35dee01ca64858c063375bf1e2176c0a37f3898e80c65cc1cbf15019470738c7fb8a08f1aee3c1fbca05620ca4a0afb324a8b2f6b8e988803788c0f130f7e8ac2aa23d91e13b4868b8aa81639847d0c4f190f8450703827665201ffd209e76bef2b6d9c30c0b0b750ac35418b8319808a514f74335e312963bc642c452262ba2a20180b42ed7c77b9d8c05ab20d592a2af7f8488829cd63bd41d224cb06254408cbbaf060a805dbe12c0068005e854cc8e4dc1cb1511c0ccc9654cbe4cc28df6129cd14d7f694cec2b0f3de2ee134a2fc4d2c2def00d3266ddafc4da426377d58cbd33226dc3dbf998483785f851f798945556bb4ca812d52cf310aa5d8c4bb4330a363ce17f32f0a63c438f5a841606ff001ea6347861b58e5b250c35807de7bc18ecb023b37dbe3fdc020b0e2b1f78ea55d40706e05e88ef721f3fa218f000280252a36ae319f30e4aa5fd43932fb768b7f6830f518331ae596c6ccde256b2fcb12fa118abbb8115751be23b396cee163f3fa4325a0ba7de038de5f8e8a1238f756efd424332ba0fbcaf66566ea30d5a66a30aa23aed28600876c02c3fcc24e4ff0012880a142df3de0cb0d13b04714f32a798b4a5152802c5e056a02b142ada2028be9b061be0cea608d5837f8cc5401cd77778eb4d99569f0c5a0b96472f962f5b7f09f787977b8b0b4ca7875f88622c1c023eec8cb6c1579adf452a93ed810a723e5fb1cbf04a29b4d5af977f99468cb6bddef39c9447185b2b20f828cd815eeccc63b45f548a1742d60f10bda02f341127f988a4cb6d6ae0e221634a38b974b05c2ca641a7dee3deb71761cf13002e02fdc41634ca6e7765d2e5ff00b72b0670736e55f2f3351cc249922aaa2b68d4aa04aacf399951dd97889133b83106954267ce620a2f52bcc2129afdc2cdc3af944af16e5f32ef6b767f61006ce5756665ee9e202726822832313bcad14b45cb28ce080db8d44a46b38bc31b39be0cf0765890b6be52cedf04434cb6aadc4d161dc0195b1f710e3240b52d3f2b0112ddda885dc69c1daa180db96251664732d39425d258542a91459c44d2835cc7c73106435da5fb1f68ff00b8adbe2f5f1283690434a76cce16468d9f99dbdb3154d5b2b6a1aa06d40f9e2502c1129d1de5e65f07adcfc8ca237e5f1137051df9afee534ac0579bc401408728e33aa8ca7b1fdc2acf688caef0ef052eedc598f01caca1e1afb87b1e0e2367c115a6b8951150be2f6fc10870535ea0e084005db15632ec3b74639a459ef2df6955ea5c2cbd9b2e4ca6b6f0e288cd7919997f5e63e3c43f880101b8954de1288c0aac6f599405622eca529e667376601bd30db4dfb6abe622c35dfbc33af76d4a052d6a833be27bc6cd78f882e25e04311c50679ed018625926281cc2137ef1069bbbbb80b92c7c30473515506cac5bcf7985a31b2250abec47a849e7cf199959ac43bb4195c0d547d59569dee2ada7e25fa671102e18e278ed8228a041794dadf3009837babfc42f9aa2f8d1150c5330b42d470ffc94a4040a326f8be2351c19cf31010a2e8ac7b689becc5f31f0fb7b954710869100d50c515e016446eef5de50738fef1c2f188eadc26a0a80326068865555c80ffa594e3bc54afbc54def378ad7edcbf101ac0a2196ef12cb2f11e088fa2134b634b70c715e130f3707361257784fbc2ba6ab0230d2c021ed502b9c462623b014f2e48914b6ab7501b18d0c0c06b2e37134d891ab062bff002531686af56f29302a7da350e6a1dfbbe2601147986c1df0769638c562b70156265330a62ebb418d99d92cb1cd02b795a260583190e3752a9b2c0e608c944d1bfbc497c3315132bc41247019f72d734370039067192347bc4d96b11cf2239b825800ad20f645fd9b952ffd8d0aa9640036f0cde2dd1a951c86466eb4b0c4ef98ed18f12ad402f2f68bb8342532e0765f31b478622a5e528b5bae226c470d76533f303ee5fb8c28aa822ef8a9936797a72f071dd8784cad6f8944481e26e52b4706d7e58c57312dcc4165f1322cdb0d40b626e5d3bca58d12d17a25f4308fdf1084576126626312d40ab8124d34ecc37641692aff0051a22386ed9f71b693ee4b5c8f1899a7dccf340dc6eeef61d0db30e18f2c7b96166fc42740a9700012a3b602ed8618e1373257b8c802dd3e61ab5862564d133882ac51fd450b55712e056506e8b2bd5eefe2115601cbcc70a3cebb41a3685116b59eefa806528789e4e7e664679850144192ce48b336df1511849b07b4145df3165b5580179fdfb4a486327215dfb4537a181579cc21624b323be5441785c6e89da1ddde63668afbcaac8679886725b11aa1dd986901706cb9dbf9730120140182b88daf2b82202894ee023ee8c1f335382bdbde597e6068b8503e7e2651dff98001da095164c366005dc3bf6cca779dc2590b44b6bcada8f44b04a5677228234380e650d464579a3897ad7ce6ea326a2a5bca46645300ccb4515cb88b44d9b129cc0ae7e25004a67119935550a4bd137e807046f159f06e761a7c9177626e0aef14716711ea069df639273fb51bd68bbd4401b75d8dfba98038d6a156f32cd22f9c4206b27696b20abf965c2f2bda3c266ab1533f2350310290e3718441ac5e1ef52c2459681bb399603b19fee57d89fb8660b62b659b41e0c31062a84b002cbbab95c143dd94280db93c4106eb1a802a888f4bfeb321291a1f31a8ce0488320269235cb899c48aa15cd6188eab48c9f2f1ff005880d802802b5da2de5828b6d8e899becfbc027b133d71ccb919791fb3a8ec38252dee177a4735b46a5a179a1fcc04501a2c603700aa1406637622fc16b517ef29815b05e9e42e5a22b5691e9a8820dfb57e8c22997395e63024c5d3ca54b853da56f255460a9755140d629ed39d83377ff884be42a7c0443d938c4055ad42e3b730c959b1295a03dd97d4382b58adcb27e3b8be7866418df30ba46a7cc112843c4637da2381306b301bc85f994d91bbaab8bb6220353b07532040e251c52bf7081eb11b1cbec46e9b0bedff00b0a510083792dbc31684a7775b1d3ea50d05983201b14e725fc46bab54b857d89ce5a80fb119d7046834c38637c470290f9dc1f716ff0008453fbc23b264d1885ea157863831dc710b837057a9faf3ea5736e595b3de5a97f69753b4c479963801f696fee22f72e3e2256ee187d4c676410ceda2596bdb375da00e7502a5bb1d2efb4482bd8f1c906d77015ba28f88e7551b004c98df1048469f3a86b4ef6f79c5021455b8160ea81eb5457cdbcc50aa3f318c98bf897abcf15881dd1ded890505d4cb8d17de1a05b20e2f1de2a5d8f18f731d0c594fb10bf85fa86360789d88f276e6351e1b7352f12e6000db0e74df115a2d4fe084f6bab03f50d81052c4edda14364496b3102cd31ff312ad977113dc2d5dbea5cdcde11061290a1da3a3643c46d66508c4d1d028ad3edde233820b7a735dd669ba1f732b6aaf76dfbb055ac66109acd2dd1e667e0ef0565b73898ad80de0af826fa0ec626a833cf300c66253d5c4c5768921806f80bc763ef020ea272a6c7695d00722a9e0171f22cc6ecdfe175292abed1018dc092a1e03dbfa84d5396e577e55f63115c6ae22f10bb4dd84d32d777b46460ad79b967565d543e15d880328f9b96edf406e1cb039da9dbdca0d199e459aadb09a97053cdea1151e31105087111a1bd4edd9984f3deb1114a2cdc33288f67b82cab6ed5e62000ef0b1a2f08ac7dd97c140ac515441ae129e7fed45375394cfc46868f5095434fee08256e12ad711605286a018adb0002872ea28672da2bc462e6cadf11b1dfda3695d23916587085b537a866195ce351a21936ac100c90e58cf7f334207c454411b7e6a67b58da384cf783d8dd20afc21fb88a951a331c83b7cb00819997e20e1975a2342163293d87fa11555140f44a45b16ca8476961adc0775808061cedeeb6c512b8dcabdd697ce6084f84bb8daf10e1fbd2cdeca5daf7fc4b8a12b27925e71c43106112f2e6322c2d2b57dfccca303624b3486f701939bc1c440a687694cca5318a0c712f6ad29e5ef529c9bf7120b1a4ce4a5d38b8a9b60df04457764312325b922463222bf309db1981c86a1485d627216a2e0bc46af31f04cf76b1256a668ef9997d415042d97da34f989aa69234340bba82977b8929568c46836ec57bb8a8d40e4331c16e596580083151c77f103ef2f262c56eff12d4036e3fe66f228887a332a2a39d13c01a3dac3de37617ecbfcc2fdd410114e588d5239f0768af144c301ea3918c076b41dd858cb4c250280e68b99cb2a0f6e25fc2ba25eadea0fb2adca7bcf04613bc87aeccab80e5b6040b583c546497583d45487ba6b9f5336f37f897a2d519f1140a1360ce65caacfa88172993f728d3da259c854c45637bdc4b366f30d545e2258b21cc39cbcbc79847414a94775068610eb5cb41db4ddd4365b36f07c45ca255ef3d504c39dc534a5ef989566ef8bf987a948c503fa65f209d0bf922c5cc4a7a0f925ed69ca802f92af3050b56ed8a9e517222d0af71cb7ee01e2a0599698b1af998e1544591600b9ba770b3be7504717633e08190331bb645cc1e9981abb7bb98a9b38ed2d71a8bbf88933c6425b0f85cc8b56750957e4bdfadc462348d83b06bd1f7878341a03becca2f1003109e93cf133a2ee26f2833ac4a110245d3dab43dcc4db61b0bbabf71cc4871a80297406b39dff0050dd03fe65ba97dcc53c13783d584bea0f9302b72641ff005fa955a0dab83eb72b12ac1583bbda0f142f071fee04b451e2548362ae2e03bbb9da1fac53716ec16c3bfaf102e7b6ecc10167c189486d79815a5e7bac096db46085d95c02bdc0875bed98589fd3051d6b0a2b320028016cc8035bcb75702b1d98f8969533498bd439287c2f12b89266c002e14b7176debbd6a3736540e8ad511262c598c68fc42011b71055c040b0afa88da5b401b8e2215b967f8809d6ab3349e62196235a4d6e34a16ee05b9dca29673028b77125e655ccb66bbc6dd4c1b0dc1c87438df1de58db0215e2b2dc5c1b38af3fcc3c00a2b6d8c870f6389ed44c77510889e5357820145cfee282d61b4d20869c03328004b205501caec47658d17b9bb656cdf21aaf1e200294e62a69cc30d57be620a14de25190bb9ff2e094baee798951e6ae7bc7106db7120352eae336f128387b3e25ab4414bb0b48c40a39f396075a14cb000b5ec9baae18788c0db32eca8e7e65e6ca182001b3c90180665abfc8bbdc495114a398e0ab638b601cc2952ed85cadb9a3961681010ddb7f698346fe80231b04bbbdc6b0094df172e7570e9aaa636d05615a76a2032a597ec651c9ed309ca1e4a95acbb236119856a1535da3dc9e2614381fbc1e2ae2bb28ed2800c631de3f73a3b5efb478b0646b4bcd3fd2552726e5fdce605d02dd1cc256ded2bb2a59ea0cc3bd8ed0d0046e020032b169e8bf5c0c5fb81733a7512dd183c3b82b71dae0e8913e23060bccf81cbe23ab3dde5fbaef3492bc4a1a2979f106947dae0405af68a605eaa6bd250ac9772d41d186ae3c47692870b17e68a8997079cefc470802d63c515eba0cb6a7b4cc08381f32ca2759b850e0184d4616d9680b1899ce543cab5de2a3f72a00d01e7e629bd4b0e1f988ddde3dc625816cf78be4c51b768c3aa4f718791ed10ea989ecbfea0999bc3e25233476f50c673161985adcb10eebe2270a62b9752973e234c2845a329a2f32800b8fb4d463c5c285b63576fda0d60b88caa3f3073598f7c2802d5f04234f2735ff00182763bc23ef29f2dc78a7bc1c59ae56fe265578eda94f761d941da50b63552b1a9500119d93b9af75de5e253cbde7e3c10d2698978e061a7f102d00181a0f133b5ce0977577a9738d8ca3393cda97b58e2245eac05d7e4b8d58abba3f73749ed4ccaec6deee3d179f1280adc2957e7c4b9540e54701420e45e5820ab5de1d438381cca57cbcb3645b2bfe22208abdb8940529be225bbe577f6c768015418390ff0070a91b60be09552f359ae9368ab73da255b331a318bd9c4b05d18a42219d16d31026c16b6e4eca1cc092e92e9ac7881951457c09695db50ddddf2ac4b0d22178e710cbf3142b6e7cca0c5cd9659dea65cddc471a8bec825349b3507be0514aa32f0e26415ee5da3e65972ee32376f98bff00296447c5e8f329a45de65f0763c4043277ba80b6b56ad80ad239788f70894cb01bb8d957995c92c832a2b6e86e6860f491a015a389bddf12d2e77f7895d9b7c1ee5195259eaa5d20d978f89f7a87413094e0394f1da0340ad3177b9ceac44e80785ca0a67c8a8370bc2fd0c119cdd5c3ef1ac1426555aef06d650615e5981c46ba58e627397a81735bef2dbd87aed334a17a8ae8dd9f3e2220ec637141af366626cd547ee8a91bad45a2262595ba33700a2e22094a5b468941c8dfaa86c7674aeeee2c5c0178e0d4b6c9de7f441b771e3b4016ef33655cc0137701a4418670f688cbd1fb2502aa01f23c466602ca2b920b117b171190a9bc7cc4bbfc65d4630eee8f52c25a6b72c7a10120e015c5b528f0f52e068c2d2be22b08b5a1e1efde16556ea8559c662a8f3a7e6ad88ad81c3cbe23f2a6c6ecef57af102901961bdadbe61f75ce1a76611696f3dbea16aaab6adc158544c5f6896f82aee021416ddd416223772ec637340b516d54f72ae347a013028e74dc61587225cc6c5777108a535a8d6c070132d8a799958b6ff12f85b5843bff00539860c240b3d2e0ed318914a918ddf11672a51a5dcc02dc5e6240b5c0768ef00d8f36eee1edd4d52f1ee232727350b15a8ce56510d7a97d0904a65b94a204d97a65a2bd6efbc33547c135a166a2a85940f985815a6bedc4e42758704b7258556f73076fdcd1885851bbcf6959d941a8859ccb865b961cd04502dd45a042d72fee54a5cc2e16a1aa4254ec3a9928122f14afe60b3bdde0ca3be06355cab975fee6a178ad4c0f1812ac0f135a9a5edf5054eab2ae6e35832c77b9b0c6343aed0d9fb1f63fc431822436788e0ba398ca2161e7e9036c3e22428a6205c18580397fa87a5db4ed828076f53037bd42392e0059b97d4ffa288f94fee97cb1b1cb168d8cb6912f9cd45147e08b984357533702d66e99ad0734c0a90a722564089bf1e626059e2556c63330322985158228b541015982a2742db7108af600dd4a2a5ab5e10aa57db8894a5669a8d16b5c8edea5e60a527962b801b69ab89701f965ae95052d32c4379ef0b9779f5064e00b18a50cebe75f882b45dfb620e0dee5a7f5150220978388ec7157981b106b58bb802f27de68fe2202af88e25eb4d40285e49e8c4790ab2e0c63e14ce2328403b3b545db842852a3387ee504ba33185bbd1b88d6aad8eef72b40c5ea075858e55569df47f700b5b650cd62a25d988ab93a401aef9a97e30630be5b4e52760fec41d8a1c022dcbc6d33fa86f7b499655703e308160af311876ed1b57980177cd4a74ece76fa9882792a6b7e51d826f06ebdca6b6344a10e0ddc23cb740db1377366f888414ae036b28953bb3a94106c656b31015dbfaddb2b0daeb7a962898e63600c0c6e036539b8940bf12e01cbd3d4a409c03d8849521db7f69401c792018bada4d55ed801360edde0e4723596202af588dd0d6e1dc0aa5aeeef52a32565b205e0e6ef88741605785952250bec3886220aeccb56b2ce17c4152b4c56547c5cb1e2b5b57bb97f26f6f6886b301f311b2642c406f983072473af1e2228bd57898a1ae65b06ec95e2a59984155cac6b036f356f8ae204b79fcac12ed629cebbbfa8030577bdfccc0220d2798a71b76842105c3e18e41de9258c459494d7cc682ad68195e6003c421afbc76b03b053b861603605cae65990635057f98956dc68abe2565d3436de080652f4554ff2c7144196882d5a02fcb312a0e45bf10887c6e06c4b540ec44358e0a8dd17626183cc5b531559de0b0df6976c680a86a814ef529b3ecef361b6bbc4b6db2e8dab3fd4b3bb56a66a0272ad90d0087673b944c0f87897636531012e059bdcbf80ea04591d95bfe60942b78e0997406f1cc0a8c8276e218650154b73c5712c7e6b6547956e00af2413a1da61cc015bb22dfcfb9735d64abb20aa87c273f1163601ab6a585367b188b3f8109cc660fb4bc122ca1ff1199b48d238893b22d1dd7688a602d70102464169ef31e38c78b83800e7112a91baa6d6564081f0f6cb16f2e0e2bd410c3ee20380beeffa83639596db815945f2c4b854abd1031b0b6b8663c5c6aa7356b5a80b614e1fd4a8f271f7650bbe6625fda30ab93c6ea16f18e62036979e523001e12e8940de08ad64f51bda6e9e11e8018312eb6f687c31fcc267fb445badd097ab6f6707f104a1e04c4429318984d19e22eb9e1c4a69a615812bb319221711927725c6cb7478828374d1ee315939ef11c49bcfa8d64cbcbb41b2aadcc772bbabbac4c4b7a8b30a2ddc3daa24dadf8802aaef50af453353975970ee569812a9a7c40556b05db30934c0d8fccceea35b4df78eed76b65f2a99eda8a5da85f310d7114c9df729334737cc43b10fdc7d118459f32f6bcb6421c4b4cd1cf989b707de1437896b78f3a940e5deff008a846690622e08b7542d2ac8ec0d3f3da5bea788d7c423a5782045063ef0f305d5a7105ab54aed0480238fda506686f89da184f87752ab0d2e1b829a646021e8217e5eec7e31f8ef44786e9acdee5de186dabf88823282c697c46ef96208087785b59842210d0f37a86492cc76c713c9d6d25bae4f712ac53aeec56021465980ecda653ee65c6ee536ad2944015bf237e233d0d80798d0ba2d7ccb470316afbae6295e79805bac301e17ebbc350ef0014daee56e2177c310d62ad683f99531096c16ef3586a80cd68c4b6ca6b017c917715dc4ac1bd367ea18a14ab0ddfbed06d1916fb4a85d9c45e5915aed2abad6752c03c4a4ae48d79adc118a2d474dd5ea2cf2eaf32aa77e628532d4c2b85c01256752fe63a97c59504f28fd4061429aec7a8055b5121fccbd81cef8955b6d6eb1f102136ede622f0e357056ab3cf696ed4c476468d8ee2af186bb2202f47e080d909e398558f0c403b1e258b6653292d8ec0683cb389a6d772a6e096f682b5c7fec4a8d28ddf3da365b0e097aa0c6b99b80391793bc014e38b6ae275dde034572cca456c3820eb02ebd449835e20b70f9dc278d3019553bc7655f78242b1c43e5970f6c1e02bb7f9813a29daf2730e160c40863189626681f98713e515fa2314870e5c7310551ff00b029ad733821515cdbdf117a5a0020ef49458ace1d460157eb32b45070703e0548bf262e97da166abf8cefe0415064cd7f022f8dbc9f61b4869c97767f38620daedbf7081a6c5d056028ab85baf50e8370335bed02d257e62025a0cb4cf1fee605706db8210977b840cb5504019737034620aaf1f78a01e7310f33285272fe9102cec5efdc56840aec546822ac08a3b4a68a590144b1658ab7cc007b78565cd2ac151c61c54b0c546885878d42edafe65fa4a6dec7bbe7b132aeb356caf92108abc9c7fa97d9589919e10e6520bdf7c4445caeeeb67699cd1969339e608b00e1e23450715cb5cc477f9830809b58200038f305c413b31036cf2dc1170076882ee93b46089777f897e22b897594e4763fdc6d0e582921006820158e3513714bc43cecee09340bb3bc7126e05b65e214b652f5ee5e51757cca782ddf9896a968807c0e4bba75f8991b288dff00d51b8e1707d84ed302a93b400452ee0b94b8f3106db3cc603b8b6a53c162c3ef2e3402ecfe4a62e1613253f743635602c71f300eded60fe20e969a58bf66240cdb2be2c874ab5145af888a18cddb2be751fb311b08d98abd111ab94a012cede04cfcc32776981352fe53e145cd34eebf50426ebcff001010c5bff6e26b0252178f12f1aa905eff0030441a3ed1aa81b3114c17ee58e840872fda6fc3b5c7a10896bdb6b53de68987575a96d48bb5659a04ca73dde2530fdc404dc2d3dbd4bafa333c3b02747a410b1cc704b390bd5ddc1d4a09bd23d9cc1e359df98b2b09e6037429898852dd1de0a260b5c1e2394165c4400d11cb089716f60bf7cc001969793bcc16f188af9e772d77155aec400fb45b8455daae619c8897500e6b6fa970af9cb04fa02baa32bf6217b018f47cf89c1b3cf32b04abb71da1569d4574e3bccae63d81ac6f9258196873b63ca0e65648ba658a030a360f880590bf13167cf115305033a673e3d9658e2bbc92b55a5de2b1c4488b1cd845733718400cae201571df97885ec21c5e71de122d472f15155192b988271da240e0db1a807ed7dc0b1835082b7c4e3e79821889daa815049d4daab544c688e0f21e0f30619a12b44dc151708a38e710187dd1269b574ca887975108f0683b4bf3422efb10b969a69adf0c076c051c2fbf96549442140d2ee036f1c3bc1859370155ee1880e1ed32cda26ef71029918be0f10cdafb329d40057fda836ab32f9844485caf2bee670d9bcb8f898435e3c479ce4ac7cca86aff00a8e25d5c6b1d1beff119c594fda585a35c30236c1b1a88346d17bbc4ad016e1ec4df29da09e2ea7370d7f400efddf108205eecf32ad510e3c3320e8883b6628bbe7106c6b159969a006cf3d8258e189be567fb8745b14cc283bd4448cadf6512a111e469fbb338d796182360d72c0a5d207ee50af9a9778fc465bc06687ed8605348b7c151c4c3b84b59f0151fcca498f4c0a86aac0db13ca1a6897c3588256b9bbb96dda5f11c1a291ef4952f109cab8a23020385375e6054481030a06b95e3dc0c2c8d30c0a816199c0054f3310b7404b56141cc6e54e4711c9899bcc25edd8df96e274142b060976e7cdc7d05d70de65993bbcbde6860a6732d61847a1c47b8195dbc41c1517168dfd81b62d900ad782528c8ad6e8bc6a0ad5c5038e7b842d698a88b280c6ef99ad7708762b46ebdc20e282645384fbc7a535e0be2103602cd9b3b4d50883587042aa3498ae20e6c8b5c1d8fc455eaecfbb9409c55f38824435986a036399ae9dbff0025c1a2eb31c99205e665bde21b0156b7bdc054f19c421a945d104321981df7055e1f11325c77ce6217ba60b052e9e4768dbcfde13202fc4fb439ef1236a5ef2d072ac03767aedf72e196dcff00a841664c0a7c79db2f1dec2ebc41036f152f171dbd4b36194ea3ef06d77d87f738840263cc6529d83b7cc5702822b6f72243bb58bd7cca922c45f0f102f064b1d1ea73c0b6d4043a2e084cf15d8f00dc184576c3dd9533eaa3b967898244153759e0f982a9286ebfee22c1a5db51dcba0cbe65fd6dcbc4222ac32d73180d3374f132436420620b5e399975c6e1acfe231daaef3ca0297bcc25a568380a1b3c4b11b2f8bfd435e61f988024aa539aedf30a717475fcc655803399519f9ab96f56c64d6fd7136933d552f7f896e880a8853463371fb85cab8b5df88f50aaa6085703310103c266cbe7ed2d00c18a8d05b7c4a92d2dd1cc04b69e63cb5bf502d10769dc1647dce4b614ba660221ae5867e0aa8202f896db38a8b1564600b1dc381a0cc28ce5ea50cd5bdb52e85e07108d087be1fb4291832aeab82625e58055a996d82a54b22ade22b47273f3886d1b30b33f902b8de49155f942121301c4a611c8b5f280a1aa61d1476065211a70653b44a9bcb9dc3352cc5b354ca8957771b243ac62cedfdc311f2383d33101ab31b2a3b9665385e1fec350bc5ac801af906012939147dc602a61dff9c2196d83949f7b1150ad8d6f3ee1b8ba7ee15216ad16bb586b4d84e3c4746555db96311cf2ff0008014e6d797c44045baf88ad80b68d43d4af9725c628c9315c40956f3be3cc6f74b74d78829a8b46da3fb8a9665707bf3289999bf11cdf31f72a00451fb7697d58baf00f12829c5ae2dd45a5666cf13481a0a57bce69c16ff50c75821c5394a956e30e65730060e20f828d086ee5a5e92ab8951e0304e63e981164b78ed3600a72f797dbe629062f9887a4734bf32021a8b20d77f52bac4ced31a83908b411469e621125bde29a6da38843598a0d5bb86cb86ccefe6132bbac95f98515fc11172580208957eb10d402a2b1d9e7ca0ce942a8f5de578ace0d77990d6fe5de3df2d8d380fe62e25055f03c100d82c17982405ce55b65002f5c42c072d0dcccbac8dc770001617ab9956ab973104d13d4b7782c865ba24ed3fa54a7c0b4a05e7301c613f704b52baf114d36ca183392e7ca9476a97072ac7b824ac0307e25069402aab398dabf0bc5c3f14b545cad52393dc7a7055bf30a96e8335ccc0cc725c55a8f116a0a9c38b7041b956d5e34277bb4e7e602291022dba092a41b2e5e2ada9a6010dc316d8cc6b5299823e251c4d99c218877e25d485346125f11b9f12c58c6d99c452e9de186e7ffc400141101000000000000000000000000000000a0ffda0008010201013f004dbfffc400141101000000000000000000000000000000a0ffda0008010301013f004dbfffd9, 'wedding', '1');

--INSERT INTO `photos` (`id`, `created_at`, `description`, `title`, `url`, `visible`) VALUES (1, '2023-07-06 11:53:31', 'A couple celebrating their wedding in Paris, pure magic!', 'The most special day in Paris', 'https://images.pexels.com/photos/3457655/pexels-photo-3457655.jpeg?auto=compress&cs=tinysrgb&w=1260&h=750&dpr=1', '1');
--INSERT INTO `photos` (`id`, `created_at`, `description`, `title`, `url`, `visible`) VALUES (2, '2023-07-06 11:53:31', 'Beach weddings are the best!', 'Beach wedding', 'https://images.pexels.com/photos/3578784/pexels-photo-3578784.jpeg?auto=compress&cs=tinysrgb&w=1260&h=750&dpr=1', '1');
--INSERT INTO `photos` (`id`, `created_at`, `description`, `title`, `url`, `visible`) VALUES (3, '2023-07-06 11:53:31', 'Autumn is the best season to admire beauty and vivid colors', 'Autumn by the river', 'https://images.pexels.com/photos/3225517/pexels-photo-3225517.jpeg?auto=compress&cs=tinysrgb&w=1260&h=750&dpr=1', '1');
--INSERT INTO `photos` (`id`, `created_at`, `description`, `title`, `url`, `visible`) VALUES (4, '2023-07-06 11:53:31', 'Exploring a vivid green forest', 'Wild forest', 'https://images.pexels.com/photos/931007/pexels-photo-931007.jpeg?auto=compress&cs=tinysrgb&w=1260&h=750&dpr=1', '1');
--INSERT INTO `photos` (`id`, `created_at`, `description`, `title`, `url`, `visible`) VALUES (5, '2023-07-06 11:53:31', 'Extreme photography always pays back', 'Pink Peak', 'https://images.pexels.com/photos/1643113/pexels-photo-1643113.jpeg?auto=compress&cs=tinysrgb&w=1260&h=750&dpr=1', '1');
--INSERT INTO `photos` (`id`, `created_at`, `description`, `title`, `url`, `visible`) VALUES (6, '2023-07-06 11:53:31', 'Captured the magic of a night in Norway', 'Magic Aurora', 'https://images.pexels.com/photos/11180713/pexels-photo-11180713.jpeg?auto=compress&cs=tinysrgb&w=1260&h=750&dpr=1', '1');
--INSERT INTO `photos` (`id`, `created_at`, `description`, `title`, `url`, `visible`) VALUES (7, '2023-07-06 11:53:31', 'Enchanting animals in the water', 'Jellyfish', 'https://images.pexels.com/photos/1894350/pexels-photo-1894350.jpeg?auto=compress&cs=tinysrgb&w=1260&h=750&dpr=1', '1');
--INSERT INTO `photos` (`id`, `created_at`, `description`, `title`, `url`, `visible`) VALUES (8, '2023-07-06 11:53:31', 'Family of monkeys showing love', 'Lovely trio', 'https://images.pexels.com/photos/3493730/pexels-photo-3493730.jpeg?auto=compress&cs=tinysrgb&w=1260&h=750&dpr=1', '1');
--INSERT INTO `photos` (`id`, `created_at`, `description`, `title`, `url`, `visible`) VALUES (9, '2023-07-06 11:53:31', 'Animals can show the most vivid colors nature can offer', 'The most colorful parrot', 'https://images.pexels.com/photos/1059823/pexels-photo-1059823.jpeg?auto=compress&cs=tinysrgb&w=1260&h=750&dpr=1', '1');
--INSERT INTO `photos` (`id`, `created_at`, `description`, `title`, `url`, `visible`) VALUES (10, '2023-07-06 11:53:31', 'Caught a bird making friends', 'Friendship', 'https://images.pexels.com/photos/1887407/pexels-photo-1887407.jpeg?auto=compress&cs=tinysrgb&w=1260&h=750&dpr=1', '1');
--INSERT INTO `photos` (`id`, `created_at`, `description`, `title`, `url`, `visible`) VALUES (11, '2023-07-06 11:53:31', 'A magic cotton candy sky surrounding the lake', 'Cotton Candy sky', 'https://images.pexels.com/photos/1486974/pexels-photo-1486974.jpeg?auto=compress&cs=tinysrgb&w=1260&h=750&dpr=1', '1');
--INSERT INTO `photos` (`id`, `created_at`, `description`, `title`, `url`, `visible`) VALUES (12, '2023-07-06 11:53:31', 'Thinking out loud', 'Immersive thoughts', 'https://images.pexels.com/photos/1486213/pexels-photo-1486213.jpeg?auto=compress&cs=tinysrgb&w=1260&h=750&dpr=1', '1');
--INSERT INTO `photos` (`id`, `created_at`, `description`, `title`, `url`, `visible`) VALUES (13, '2023-07-06 11:53:31', 'A dog and its owner', 'What a couple!', 'https://images.pexels.com/photos/7533347/pexels-photo-7533347.jpeg?auto=compress&cs=tinysrgb&w=1260&h=750&dpr=1', '1');
--INSERT INTO `photos` (`id`, `created_at`, `description`, `title`, `url`, `visible`) VALUES (14, '2023-07-06 11:53:31', 'Caught a selfie', 'Cheeeese', 'https://images.pexels.com/photos/15212752/pexels-photo-15212752/free-photo-of-ragazza-bangkok.jpeg?auto=compress&cs=tinysrgb&w=1260&h=750&dpr=1', '1');
--INSERT INTO `photos` (`id`, `created_at`, `description`, `title`, `url`, `visible`) VALUES (15, '2023-07-06 11:53:31', 'A mom and her baby', 'Love', 'https://images.pexels.com/photos/7282807/pexels-photo-7282807.jpeg?auto=compress&cs=tinysrgb&w=1260&h=750&dpr=1', '1');
--INSERT INTO `photos` (`id`, `created_at`, `description`, `title`, `url`, `visible`) VALUES (16, '2023-07-06 11:53:31', 'Jumping in the desert', 'Jumping is fun', 'https://images.pexels.com/photos/6039268/pexels-photo-6039268.jpeg?auto=compress&cs=tinysrgb&w=1260&h=750&dpr=1', '1');
--INSERT INTO `photos` (`id`, `created_at`, `description`, `title`, `url`, `visible`) VALUES (17, '2023-07-06 11:53:31', 'Walking on stripes', 'Stripes, stripes everywhere', 'https://images.pexels.com/photos/5641953/pexels-photo-5641953.jpeg?auto=compress&cs=tinysrgb&w=1260&h=750&dpr=1', '1');
--INSERT INTO `photos` (`id`, `created_at`, `description`, `title`, `url`, `visible`) VALUES (18, '2023-07-06 11:53:31', 'Neon night in the streets', 'Neon', 'https://images.pexels.com/photos/1528348/pexels-photo-1528348.jpeg?auto=compress&cs=tinysrgb&w=1260&h=750&dpr=1', '1');
--INSERT INTO `photos` (`id`, `created_at`, `description`, `title`, `url`, `visible`) VALUES (19, '2023-07-06 11:53:31', 'A huge murales in Dublin', 'Murales', 'https://images.pexels.com/photos/1208783/pexels-photo-1208783.jpeg?auto=compress&cs=tinysrgb&w=1260&h=750&dpr=1', '1');
--INSERT INTO `photos` (`id`, `created_at`, `description`, `title`, `url`, `visible`) VALUES (20, '2023-07-06 11:53:31', 'Streets coming to life', 'Neon Tokyo', 'https://images.pexels.com/photos/1670584/pexels-photo-1670584.jpeg?auto=compress&cs=tinysrgb&w=1260&h=750&dpr=1', '1');
--INSERT INTO `photos` (`id`, `created_at`, `description`, `title`, `url`, `visible`) VALUES (21, '2023-07-06 11:53:31', 'The best breakfast I ever had', 'Yummy breakfast', 'https://images.pexels.com/photos/3323680/pexels-photo-3323680.jpeg?auto=compress&cs=tinysrgb&w=1260&h=750&dpr=1', '1');
--INSERT INTO `photos` (`id`, `created_at`, `description`, `title`, `url`, `visible`) VALUES (22, '2023-07-06 11:53:31', 'Sunshine bowl', 'Egg lover', 'https://images.pexels.com/photos/3789885/pexels-photo-3789885.jpeg?auto=compress&cs=tinysrgb&w=1260&h=750&dpr=1', '1');
--INSERT INTO `photos` (`id`, `created_at`, `description`, `title`, `url`, `visible`) VALUES (23, '2023-07-06 11:53:31', 'Pizza, what else?', 'A classic', 'https://images.pexels.com/photos/16890470/pexels-photo-16890470/free-photo-of-pizza-margherita-con-lievito-madre-con-basilico-fresco-tritato.jpeg?auto=compress&cs=tinysrgb&w=1260&h=750&dpr=1', '1');
--INSERT INTO `photos` (`id`, `created_at`, `description`, `title`, `url`, `visible`) VALUES (24, '2023-07-06 11:53:31', 'Loved the shapes', 'Shapes', 'https://images.pexels.com/photos/3790058/pexels-photo-3790058.jpeg?auto=compress&cs=tinysrgb&w=1260&h=750&dpr=1', '1');
--INSERT INTO `photos` (`id`, `created_at`, `description`, `title`, `url`, `visible`) VALUES (25, '2023-07-06 11:53:31', 'Taller than you think', '90', 'https://images.pexels.com/photos/6766628/pexels-photo-6766628.jpeg?auto=compress&cs=tinysrgb&w=1260&h=750&dpr=1', '1');
--INSERT INTO `photos` (`id`, `created_at`, `description`, `title`, `url`, `visible`) VALUES (26, '2023-07-06 11:53:31', 'White, white, white', 'Horror white', 'https://images.pexels.com/photos/1770808/pexels-photo-1770808.jpeg?auto=compress&cs=tinysrgb&w=1260&h=750&dpr=1', '1');
--INSERT INTO `photos` (`id`, `created_at`, `description`, `title`, `url`, `visible`) VALUES (27, '2023-07-06 11:53:31', 'She knows she is cooler than you', 'Street glam', 'https://images.pexels.com/photos/4132651/pexels-photo-4132651.jpeg?auto=compress&cs=tinysrgb&w=1260&h=750&dpr=1', '1');
--INSERT INTO `photos` (`id`, `created_at`, `description`, `title`, `url`, `visible`) VALUES (28, '2023-07-06 11:53:31', 'Summer trends', 'Yellow joy', 'https://images.pexels.com/photos/4244305/pexels-photo-4244305.jpeg?auto=compress&cs=tinysrgb&w=1260&h=750&dpr=1', '1');
--INSERT INTO `photos` (`id`, `created_at`, `description`, `title`, `url`, `visible`) VALUES (29, '2023-07-06 11:53:31', 'Rocking in a suit', 'Elegance rocks!', 'https://images.pexels.com/photos/9154696/pexels-photo-9154696.jpeg?auto=compress&cs=tinysrgb&w=1260&h=750&dpr=1', '1');

INSERT INTO `photo_category` (`photo_id`, `category_id`) VALUES ('1', '10');
INSERT INTO `photo_category` (`photo_id`, `category_id`) VALUES ('1', '5');
INSERT INTO `photo_category` (`photo_id`, `category_id`) VALUES ('2', '10');
INSERT INTO `photo_category` (`photo_id`, `category_id`) VALUES ('3', '1');
INSERT INTO `photo_category` (`photo_id`, `category_id`) VALUES ('3', '3');
INSERT INTO `photo_category` (`photo_id`, `category_id`) VALUES ('4', '1');
INSERT INTO `photo_category` (`photo_id`, `category_id`) VALUES ('5', '1');
INSERT INTO `photo_category` (`photo_id`, `category_id`) VALUES ('5', '3');
INSERT INTO `photo_category` (`photo_id`, `category_id`) VALUES ('6', '1');
INSERT INTO `photo_category` (`photo_id`, `category_id`) VALUES ('6', '3');
INSERT INTO `photo_category` (`photo_id`, `category_id`) VALUES ('7', '1');
INSERT INTO `photo_category` (`photo_id`, `category_id`) VALUES ('7', '2');
INSERT INTO `photo_category` (`photo_id`, `category_id`) VALUES ('8', '1');
INSERT INTO `photo_category` (`photo_id`, `category_id`) VALUES ('8', '2');
INSERT INTO `photo_category` (`photo_id`, `category_id`) VALUES ('9', '1');
INSERT INTO `photo_category` (`photo_id`, `category_id`) VALUES ('9', '2');
INSERT INTO `photo_category` (`photo_id`, `category_id`) VALUES ('10', '1');
INSERT INTO `photo_category` (`photo_id`, `category_id`) VALUES ('10', '2');
INSERT INTO `photo_category` (`photo_id`, `category_id`) VALUES ('11', '3');
INSERT INTO `photo_category` (`photo_id`, `category_id`) VALUES ('12', '4');
INSERT INTO `photo_category` (`photo_id`, `category_id`) VALUES ('13', '4');
INSERT INTO `photo_category` (`photo_id`, `category_id`) VALUES ('13', '2');
INSERT INTO `photo_category` (`photo_id`, `category_id`) VALUES ('14', '4');
INSERT INTO `photo_category` (`photo_id`, `category_id`) VALUES ('15', '4');
INSERT INTO `photo_category` (`photo_id`, `category_id`) VALUES ('15', '5');
INSERT INTO `photo_category` (`photo_id`, `category_id`) VALUES ('16', '3');
INSERT INTO `photo_category` (`photo_id`, `category_id`) VALUES ('16', '5');
INSERT INTO `photo_category` (`photo_id`, `category_id`) VALUES ('17', '5');
INSERT INTO `photo_category` (`photo_id`, `category_id`) VALUES ('17', '6');
INSERT INTO `photo_category` (`photo_id`, `category_id`) VALUES ('18', '6');
INSERT INTO `photo_category` (`photo_id`, `category_id`) VALUES ('19', '6');
INSERT INTO `photo_category` (`photo_id`, `category_id`) VALUES ('20', '4');
INSERT INTO `photo_category` (`photo_id`, `category_id`) VALUES ('20', '6');
INSERT INTO `photo_category` (`photo_id`, `category_id`) VALUES ('21', '7');
INSERT INTO `photo_category` (`photo_id`, `category_id`) VALUES ('22', '7');
INSERT INTO `photo_category` (`photo_id`, `category_id`) VALUES ('23', '7');
INSERT INTO `photo_category` (`photo_id`, `category_id`) VALUES ('24', '9');
INSERT INTO `photo_category` (`photo_id`, `category_id`) VALUES ('25', '5');
INSERT INTO `photo_category` (`photo_id`, `category_id`) VALUES ('25', '9');
INSERT INTO `photo_category` (`photo_id`, `category_id`) VALUES ('26', '9');
INSERT INTO `photo_category` (`photo_id`, `category_id`) VALUES ('27', '4');
INSERT INTO `photo_category` (`photo_id`, `category_id`) VALUES ('27', '8');
INSERT INTO `photo_category` (`photo_id`, `category_id`) VALUES ('28', '4');
INSERT INTO `photo_category` (`photo_id`, `category_id`) VALUES ('28', '8');
--INSERT INTO `photo_category` (`photo_id`, `category_id`) VALUES ('29', '4');
--INSERT INTO `photo_category` (`photo_id`, `category_id`) VALUES ('29', '8');

INSERT INTO `roles` (`id`, `name`) VALUES (1, 'ADMIN');
INSERT INTO `roles` (`id`, `name`) VALUES (2, 'USER');

INSERT INTO `users` (`id`, `email`, `first_name`, `last_name`, `password`) VALUES (1, 'itsme@mario.com', 'Mario', 'Rossi', '{noop}mario');
INSERT INTO `users` (`id`, `email`, `first_name`, `last_name`, `password`) VALUES (2, 'luigi@verdi.com', 'Luigi', 'Verdi', '{noop}luigi');
INSERT INTO `users` (`id`, `email`, `first_name`, `last_name`, `password`) VALUES (3, 'princess@peach.com', 'Peach', 'Princess', '{noop}peach');

INSERT INTO `users_roles` (`user_id`, `roles_id`) VALUES (1, 1);
INSERT INTO `users_roles` (`user_id`, `roles_id`) VALUES (2, 2);
INSERT INTO `users_roles` (`user_id`, `roles_id`) VALUES (3, 2);